,level_0,Unnamed: 0,index,Area,Diameter (um),Volume (um3),FITC,TRITC,Alexa,FITC_b,TRITC_b,Alexa_b,Name,Source,Exp,Ratio,Ratio2
2,149,2,2,4.573,2.412990766263704,7.356404516082611,29.669303363032526,1710.527862787,2139.589493751874,150.10069663696748,150.080137213,161.1945062481261,R2_5h_#1,2_5_1_0006.csv,1,0.01704939183912828,0.4829506081608717
3,150,3,3,9.702,3.5146792261912823,22.73294523500521,2.9373033630325267,8.919862787,3110.6144937518743,150.10069663696748,150.080137213,161.1945062481261,R2_5h_#1,2_5_1_0006.csv,1,0.2477238933709695,0.2522761066290305
4,151,4,4,35.905,6.761336099745081,161.84384844089806,34.169303363032526,14.062862787,3565.092493751874,150.10069663696748,150.080137213,161.1945062481261,R2_5h_#1,2_5_1_0006.csv,1,0.7084339371519079,0.20843393715190794
8,155,8,8,15.017,4.372669464216103,43.77625156275548,13.092303363032528,8.014862786999998,3396.184493751874,150.10069663696748,150.080137213,161.1945062481261,R2_5h_#1,2_5_1_0006.csv,1,0.6202776474099225,0.12027764740992253
11,158,11,13,1.978,1.5869681217611626,2.092681963229053,241.8683033630325,1584.763862787,201.3054937518739,150.10069663696748,150.080137213,161.1945062481261,R2_5h_#1,2_5_1_0006.csv,1,0.1324121560132246,0.3675878439867754
12,159,12,15,2.966,1.9433034991180596,3.8425587855894423,69.1703033630325,55.169862787,2740.284493751874,150.10069663696748,150.080137213,161.1945062481261,R2_5h_#1,2_5_1_0006.csv,1,0.5562989459059399,0.05629894590593987
13,160,13,16,10.815,3.710806607236597,26.754915638175863,56.87030336303252,2541.433862787,1215.5024937518738,150.10069663696748,150.080137213,161.1945062481261,R2_5h_#1,2_5_1_0006.csv,1,0.02188746956723645,0.4781125304327635
14,161,14,18,15.388,4.4263540430454364,45.40849067625544,21.14830336303251,28.325862787000005,3421.2234937518742,150.10069663696748,150.080137213,161.1945062481261,R2_5h_#1,2_5_1_0006.csv,1,0.4274615422299262,0.07253845777007378
15,162,15,19,0.989,1.1221559204241969,0.7398748035330203,159.89930336303252,1690.231862787,4.180493751873911,150.10069663696748,150.080137213,161.1945062481261,R2_5h_#1,2_5_1_0006.csv,1,0.08642592821987294,0.41357407178012706
16,163,16,20,10.567,3.668013395452157,25.839931699828632,64.87030336303252,1569.533862787,2734.7414937518743,150.10069663696748,150.080137213,161.1945062481261,R2_5h_#1,2_5_1_0006.csv,1,0.039690490703924,0.460309509296076
17,164,17,22,71.562,9.545447517028087,455.394210142376,53.85230336303252,138.86586278700003,3658.0404937518742,150.10069663696748,150.080137213,161.1945062481261,R2_5h_#1,2_5_1_0006.csv,1,0.27943553240906255,0.22056446759093745
18,165,18,25,24.534,5.58906602130736,91.41476384450318,34.01730336303251,805.5018627869999,3426.289493751874,150.10069663696748,150.080137213,161.1945062481261,R2_5h_#1,2_5_1_0006.csv,1,0.040519984217910275,0.45948001578208975
19,166,19,26,28.489,6.022733714017253,114.387773852425,45.29830336303252,18.418862786999995,3557.141493751874,150.10069663696748,150.080137213,161.1945062481261,R2_5h_#1,2_5_1_0006.csv,1,0.7109277781810044,0.2109277781810044
20,167,20,28,6.489,2.874378438164757,12.43456112350074,65.6703033630325,86.281862787,3211.110493751874,150.10069663696748,150.080137213,161.1945062481261,R2_5h_#1,2_5_1_0006.csv,1,0.43217747418086716,0.06782252581913284
21,168,21,29,7.292,3.0470416407080503,14.812685096028735,69.97530336303251,9.165862787000009,3210.1614937518743,150.10069663696748,150.080137213,161.1945062481261,R2_5h_#1,2_5_1_0006.csv,1,0.8841833746848795,0.3841833746848795
22,169,22,30,16.315,4.557730046015689,49.572910467163965,13.865303363032524,8.180862786999995,3469.7414937518743,150.10069663696748,150.080137213,161.1945062481261,R2_5h_#1,2_5_1_0006.csv,1,0.6289212949169428,0.12892129491694282
23,170,23,31,2.101,1.6355660437562822,2.2908828386213,95.89930336303252,260.890862787,2394.423493751874,150.10069663696748,150.080137213,161.1945062481261,R2_5h_#1,2_5_1_0006.csv,1,0.2687834824536791,0.2312165175463209
24,171,24,32,1.174,1.2226132771727456,0.956898658267202,12.583303363032513,0.4988627870000073,2396.4894937518743,150.10069663696748,150.080137213,161.1945062481261,R2_5h_#1,2_5_1_0006.csv,1,0.9618669583248821,0.4618669583248821
25,172,25,34,1.545,1.402553063743339,1.4446296556556393,733.8193033630325,12.159862787000009,0.0,150.10069663696748,150.080137213,161.1945062481261,R2_5h_#1,2_5_1_0006.csv,1,0.9836994606032275,0.48369946060322755
26,173,26,35,0.742,0.971979291031188,0.4808057559634276,712.3993033630325,369.50286278699997,0.0,150.10069663696748,150.080137213,161.1945062481261,R2_5h_#1,2_5_1_0006.csv,1,0.6584692457896796,0.15846924578967958
27,174,27,0,8.961,3.377795073768063,20.17894777069041,36.083571727266985,2900.308312599914,1327.532669603864,149.902428272733,150.02968740008598,167.03933039613602,R2_5h_#1,2_5_1_0007.csv,1,0.01228840466419381,0.4877115953358062
30,177,30,3,15.326,4.417427901235187,45.13433334288699,9.867571727267006,74.28031259991403,3302.476669603864,149.902428272733,150.02968740008598,167.03933039613602,R2_5h_#1,2_5_1_0007.csv,1,0.1172646443361575,0.3827353556638425
31,178,31,4,2.966,1.9433034991180596,3.8425587855894423,1013.201571727267,78.17831259991402,2120.793669603864,149.902428272733,150.02968740008598,167.03933039613602,R2_5h_#1,2_5_1_0007.csv,1,0.9283674605674909,0.42836746056749087
32,179,32,5,3.152,2.0033100221895843,4.209622126627713,1681.117571727267,78.81331259991401,0.0,149.902428272733,150.02968740008598,167.03933039613602,R2_5h_#1,2_5_1_0007.csv,1,0.9552179501469206,0.45521795014692057
33,180,33,6,2.781,1.881722395548421,3.488713321346773,47.27557172726699,66.92631259991401,2614.738669603864,149.902428272733,150.02968740008598,167.03933039613602,R2_5h_#1,2_5_1_0007.csv,1,0.41396490089275184,0.08603509910724816
34,181,34,8,19.466,4.9784416214127365,64.60689640161355,10.548571727266989,0.8303125999140377,3389.9036696038643,149.902428272733,150.02968740008598,167.03933039613602,R2_5h_#1,2_5_1_0007.csv,1,0.9270304033295559,0.4270304033295559
36,183,36,11,10.197,3.603224061540505,24.494717170352352,11.794571727266998,98.85531259991401,3347.148669603864,149.902428272733,150.02968740008598,167.03933039613602,R2_5h_#1,2_5_1_0007.csv,1,0.10659362003842308,0.3934063799615769
41,188,41,18,0.803,1.0111435874406445,0.5412988671432248,32.40557172726699,15.355312599914015,2168.498669603864,149.902428272733,150.02968740008598,167.03933039613602,R2_5h_#1,2_5_1_0007.csv,1,0.67849605767925,0.17849605767925003
44,191,44,21,4.82,2.477299861870477,7.960390222810467,12.892571727266983,72.70131259991402,2510.486669603864,149.902428272733,150.02968740008598,167.03933039613602,R2_5h_#1,2_5_1_0007.csv,1,0.15062491705581876,0.34937508294418124
45,192,45,23,1.73,1.4841510746523858,1.711720906099085,100.811571727267,2845.756312599914,49.281669603863975,149.902428272733,150.02968740008598,167.03933039613602,R2_5h_#1,2_5_1_0007.csv,1,0.034213218797192683,0.4657867812028073
47,194,47,26,9.27,3.4355393433484296,21.23163314189329,11.450571727267004,43.883312599914035,3340.813669603864,149.902428272733,150.02968740008598,167.03933039613602,R2_5h_#1,2_5_1_0007.csv,1,0.20693598265325952,0.2930640173467405
51,198,51,30,6.427,2.860613667382034,12.256776026842886,1185.943571727267,32.480312599914015,2125.364669603864,149.902428272733,150.02968740008598,167.03933039613602,R2_5h_#1,2_5_1_0007.csv,1,0.9733423539888585,0.4733423539888585
53,200,53,1,26.511,5.809892733129752,102.68404416533524,67.90720900018198,29.02848391749461,3531.825996035454,149.73179099981803,149.9735160825054,161.9740039645463,R2_5h_#1,2_5_1_0008.csv,1,0.7005387484860991,0.2005387484860991
54,201,54,2,10.938,3.7318486223737977,27.21264015434973,237.49420900018197,578.9924839174946,1951.3309960354536,149.73179099981803,149.9735160825054,161.9740039645463,R2_5h_#1,2_5_1_0008.csv,1,0.2908733370185222,0.2091266629814778
56,203,56,4,4.388,2.363678303470651,6.914546930419479,8.958209000181967,5.5474839174945885,2978.546996035454,149.73179099981803,149.9735160825054,161.9740039645463,R2_5h_#1,2_5_1_0008.csv,1,0.6175650519435403,0.11756505194354028
57,204,57,5,0.556,0.8413805244196888,0.3118717143848979,121.601209000182,115.0264839174946,0.0,149.73179099981803,149.9735160825054,161.9740039645463,R2_5h_#1,2_5_1_0008.csv,1,0.513892552054283,0.01389255205428297
58,205,58,6,1.174,1.2226132771727456,0.956898658267202,143.26820900018197,0.5004839174945914,0.0,149.73179099981803,149.9735160825054,161.9740039645463,R2_5h_#1,2_5_1_0008.csv,1,0.9965188254317567,0.49651882543175674
59,206,59,7,22.556,5.359028939187242,80.5855045015383,77.21020900018198,95.3524839174946,3474.030996035454,149.73179099981803,149.9735160825054,161.9740039645463,R2_5h_#1,2_5_1_0008.csv,1,0.4474328007677545,0.05256719923224551
61,208,61,9,33.742,6.554513614178695,147.4415989130783,56.45120900018196,21.255483917494615,3547.494996035454,149.73179099981803,149.9735160825054,161.9740039645463,R2_5h_#1,2_5_1_0008.csv,1,0.7264652101458888,0.22646521014588883
62,209,62,10,2.534,1.796215189324181,3.0344061931649824,12.512209000181969,1115.0264839174947,0.0,149.73179099981803,149.9735160825054,161.9740039645463,R2_5h_#1,2_5_1_0008.csv,1,0.011096922064647501,0.4889030779353525
63,210,63,11,43.444,7.437379833077938,215.4063529788253,6.3192090001819565,14.46448391749459,3562.331996035454,149.73179099981803,149.9735160825054,161.9740039645463,R2_5h_#1,2_5_1_0008.csv,1,0.304046495741258,0.19595350425874197
66,213,66,14,17.365,4.702106410357607,54.43471854390656,45.20020900018196,67.9414839174946,3377.327996035454,149.73179099981803,149.9735160825054,161.9740039645463,R2_5h_#1,2_5_1_0008.csv,1,0.3995009075307919,0.10049909246920807
68,215,68,17,9.146,3.4124842675311777,20.807054073893436,248.23420900018198,154.4524839174946,1704.8839960354537,149.73179099981803,149.9735160825054,161.9740039645463,R2_5h_#1,2_5_1_0008.csv,1,0.616445026284814,0.11644502628481401
69,216,69,19,14.214,4.254154074415454,40.31236400916085,116.42520900018195,152.31348391749458,3038.008996035454,149.73179099981803,149.9735160825054,161.9740039645463,R2_5h_#1,2_5_1_0008.csv,1,0.433228307156524,0.066771692843476
70,217,70,21,1.421,1.3450923362612195,1.274250806551462,152.094209000182,3.8524839174945953,0.0,149.73179099981803,149.9735160825054,161.9740039645463,R2_5h_#1,2_5_1_0008.csv,1,0.9752961486683895,0.47529614866838954
71,218,71,23,1.854,1.5364199022204157,1.8990149991444336,137.83520900018198,331.6594839174946,48.79299603545368,149.73179099981803,149.9735160825054,161.9740039645463,R2_5h_#1,2_5_1_0008.csv,1,0.2935820384754608,0.20641796152453917
72,219,72,25,4.449,2.3800509941021724,7.059231248507043,29.29620900018196,18.693483917494603,3037.622996035454,149.73179099981803,149.9735160825054,161.9740039645463,R2_5h_#1,2_5_1_0008.csv,1,0.6104687740019059,0.11046877400190591
73,220,73,26,8.343,3.2592387948300847,18.127886176844928,251.80920900018197,350.5074839174946,1971.2039960354537,149.73179099981803,149.9735160825054,161.9740039645463,R2_5h_#1,2_5_1_0008.csv,1,0.4180677905179671,0.08193220948203289
74,221,74,27,0.742,0.971979291031188,0.4808057559634276,111.76820900018197,10.276483917494602,753.4429960354537,149.73179099981803,149.9735160825054,161.9740039645463,R2_5h_#1,2_5_1_0008.csv,1,0.915797371669193,0.41579737166919295
75,222,75,28,44.062,7.490092177010957,220.01896100230448,48.17720900018196,30.06548391749459,3576.8239960354535,149.73179099981803,149.9735160825054,161.9740039645463,R2_5h_#1,2_5_1_0008.csv,1,0.6157406807415468,0.11574068074154675
77,224,77,30,16.562,4.592101190076692,50.702919940033446,118.50720900018194,9.87348391749461,3229.331996035454,149.73179099981803,149.9735160825054,161.9740039645463,R2_5h_#1,2_5_1_0008.csv,1,0.9230921434282495,0.4230921434282495
81,228,81,35,6.365,2.8467823419150453,12.07984640419284,143.04520900018196,5.104483917494605,1620.5309960354539,149.73179099981803,149.9735160825054,161.9740039645463,R2_5h_#1,2_5_1_0008.csv,1,0.9655450928249237,0.46554509282492373
82,229,82,36,5.315,2.6013973514762005,9.21761794873067,442.256209000182,28.10748391749459,58.29299603545368,149.73179099981803,149.9735160825054,161.9740039645463,R2_5h_#1,2_5_1_0008.csv,1,0.9402430835102444,0.44024308351024444
84,231,84,38,0.803,1.0111435874406445,0.5412988671432248,89.88320900018198,5.026483917494602,0.0,149.73179099981803,149.9735160825054,161.9740039645463,R2_5h_#1,2_5_1_0008.csv,1,0.9470392984849871,0.44703929848498714
87,234,87,41,1.978,1.5869681217611626,2.092681963229053,8.456209000181957,98.4014839174946,2432.0259960354538,149.73179099981803,149.9735160825054,161.9740039645463,R2_5h_#1,2_5_1_0008.csv,1,0.0791352383650716,0.4208647616349284
88,235,88,43,1.607,1.430418102650203,1.5324545939725842,13.30620900018198,4.334483917494595,2805.256996035454,149.73179099981803,149.9735160825054,161.9740039645463,R2_5h_#1,2_5_1_0008.csv,1,0.7542906087803788,0.2542906087803788
89,236,89,44,28.242,5.996568287146446,112.90338771039326,50.59420900018196,75.93448391749459,3546.8269960354537,149.73179099981803,149.9735160825054,161.9740039645463,R2_5h_#1,2_5_1_0008.csv,1,0.3998635237076234,0.1001364762923766
91,238,91,1,6.303,2.832883486920302,11.903776412039107,219.88476575788974,2959.8560647713975,61.56662508737796,150.37023424211026,151.27093522860264,164.91337491262203,R2_5h_#1,2_5_1_0009.csv,1,0.06915178861331556,0.43084821138668444
93,240,93,3,1.298,1.2855601615895855,1.1124380598288546,187.96276575788977,2423.1100647713974,48.84862508737797,150.37023424211026,151.27093522860264,164.91337491262203,R2_5h_#1,2_5_1_0009.csv,1,0.07198679545058423,0.42801320454941577
94,241,94,4,1.545,1.402553063743339,1.4446296556556393,12.06976575788974,7.329064771397356,2307.886625087378,150.37023424211026,151.27093522860264,164.91337491262203,R2_5h_#1,2_5_1_0009.csv,1,0.6221903809957817,0.12219038099578172
97,244,97,8,3.09,1.983509564693766,4.0860297032691575,180.24976575788975,303.40906477139737,2699.886625087378,150.37023424211026,151.27093522860264,164.91337491262203,R2_5h_#1,2_5_1_0009.csv,1,0.372679571591064,0.12732042840893598
100,247,100,13,0.68,0.9304852983362556,0.4218200019124359,106.81176575788976,445.36506477139733,1723.541625087378,150.37023424211026,151.27093522860264,164.91337491262203,R2_5h_#1,2_5_1_0009.csv,1,0.19343760884625621,0.3065623911537438
101,248,101,16,47.708,7.793825261078487,247.88521037035497,1.5427657578897538,10.019064771397353,3433.671625087378,150.37023424211026,151.27093522860264,164.91337491262203,R2_5h_#1,2_5_1_0009.csv,1,0.13343611584530632,0.36656388415469365
103,250,103,18,2.966,1.9433034991180596,3.8425587855894423,108.75476575788974,378.3330647713974,2354.294625087378,150.37023424211026,151.27093522860264,164.91337491262203,R2_5h_#1,2_5_1_0009.csv,1,0.22327547300804643,0.2767245269919536
105,252,105,22,5.067,2.539981254492456,8.580056677675513,24.751765757889757,31.912064771397354,2438.4766250873777,150.37023424211026,151.27093522860264,164.91337491262203,R2_5h_#1,2_5_1_0009.csv,1,0.43681772881726777,0.06318227118273223
106,253,106,24,0.989,1.1221559204241969,0.7398748035330203,43.25476575788974,2228.479064771397,174.02462508737796,150.37023424211026,151.27093522860264,164.91337491262203,R2_5h_#1,2_5_1_0009.csv,1,0.019040419778320553,0.48095958022167945
107,254,107,25,1.112,1.1898917487509109,0.8821064164073417,43.24076575788973,2649.0070647713974,388.642625087378,150.37023424211026,151.27093522860264,164.91337491262203,R2_5h_#1,2_5_1_0009.csv,1,0.016061212963959837,0.48393878703604015
108,255,108,26,7.539,3.098217701801859,15.571642169256142,2745.47376575789,56.081064771397365,1427.422625087378,150.37023424211026,151.27093522860264,164.91337491262203,R2_5h_#1,2_5_1_0009.csv,1,0.9799821641324784,0.4799821641324784
109,256,109,0,1.916,1.5618985138966526,1.9950650350839907,44.13933507656799,0.0,3106.4642335537746,150.860664923432,151.7610332121116,227.2457664462256,R2_5h_#1,2_5_1_0010.csv,1,1.0,0.5
110,257,110,1,7.107,3.008141194231548,14.252572978269075,43.96533507656798,272.6129667878884,2831.467233553775,150.860664923432,151.7610332121116,227.2457664462256,R2_5h_#1,2_5_1_0010.csv,1,0.13887665331969537,0.36112334668030466
111,258,111,2,1.73,1.4841510746523858,1.711720906099085,245.175335076568,115.02496678788839,452.46823355377444,150.860664923432,151.7610332121116,227.2457664462256,R2_5h_#1,2_5_1_0010.csv,1,0.680663880089772,0.18066388008977197
113,260,113,4,8.961,3.377795073768063,20.17894777069041,14.456335076567996,6.645966787888398,2976.2512335537745,150.860664923432,151.7610332121116,227.2457664462256,R2_5h_#1,2_5_1_0010.csv,1,0.68505962853832,0.18505962853832003
115,262,115,7,0.989,1.1221559204241969,0.7398748035330203,6.389335076567988,256.3639667878884,0.0,150.860664923432,151.7610332121116,227.2457664462256,R2_5h_#1,2_5_1_0010.csv,1,0.02431685931720083,0.47568314068279915
117,264,117,9,26.017,5.755508077952348,99.8273691093908,9.650335076567984,3.4909667878883965,3374.9512335537747,150.860664923432,151.7610332121116,227.2457664462256,R2_5h_#1,2_5_1_0010.csv,1,0.7343515259069952,0.23435152590699515
119,266,119,13,18.787,4.890843621190469,61.25618607420356,6.741335076567992,17.557966787888375,3279.2242335537744,150.860664923432,151.7610332121116,227.2457664462256,R2_5h_#1,2_5_1_0010.csv,1,0.2774291670670931,0.22257083293290691
120,267,120,14,3.955,2.2440281636885864,5.916754258258906,53.10833507656798,15.894966787888393,2942.6922335537747,150.860664923432,151.7610332121116,227.2457664462256,R2_5h_#1,2_5_1_0010.csv,1,0.7696491854967901,0.26964918549679007
122,269,122,16,3.708,2.1728258632200563,5.371225533879978,163.189335076568,384.70596678788837,510.12123355377435,150.860664923432,151.7610332121116,227.2457664462256,R2_5h_#1,2_5_1_0010.csv,1,0.29784766272177193,0.20215233727822807
124,271,124,18,6.921,2.9685166142556896,13.696735658175752,438.46933507656803,52.702966787888386,0.0,150.860664923432,151.7610332121116,227.2457664462256,R2_5h_#1,2_5_1_0010.csv,1,0.8926996359773718,0.3926996359773718
126,273,126,21,6.242,2.819141932971252,11.731389297071036,4.7733350765679745,178.3969667878884,0.0,150.860664923432,151.7610332121116,227.2457664462256,R2_5h_#1,2_5_1_0010.csv,1,0.026059546924261663,0.47394045307573834
127,274,127,23,8.652,3.3190463300545576,19.14425923175469,1245.832335076568,90.08196678788838,0.0,150.860664923432,151.7610332121116,227.2457664462256,R2_5h_#1,2_5_1_0010.csv,1,0.9325690527736948,0.43256905277369484
128,275,128,24,20.517,5.111071877730868,69.9092411436028,67.83533507656799,84.05196678788838,3193.5492335537747,150.860664923432,151.7610332121116,227.2457664462256,R2_5h_#1,2_5_1_0010.csv,1,0.44661623614266305,0.05338376385733695
129,276,129,25,8.343,3.2592387948300847,18.127886176844928,213.62033507656798,122.89096678788837,2274.7692335537745,150.860664923432,151.7610332121116,227.2457664462256,R2_5h_#1,2_5_1_0010.csv,1,0.6348087980789788,0.13480879807897883
130,277,130,27,6.056,2.776821687274166,11.2109547587549,2.31233507656799,8.799966787888394,2823.3872335537744,150.860664923432,151.7610332121116,227.2457664462256,R2_5h_#1,2_5_1_0010.csv,1,0.20808785657309986,0.29191214342690014
131,278,131,28,1.421,1.3450923362612195,1.274250806551462,166.530335076568,1.8909667878883738,0.0,150.860664923432,151.7610332121116,227.2457664462256,R2_5h_#1,2_5_1_0010.csv,1,0.9887724013117403,0.48877240131174027
132,279,132,30,2.905,1.923216284627303,3.72462887122821,327.905335076568,25.472966787888396,0.0,150.860664923432,151.7610332121116,227.2457664462256,R2_5h_#1,2_5_1_0010.csv,1,0.9279158718758603,0.42791587187586033
133,280,133,31,0.865,1.049453289192004,0.6051847301007222,176.71033507656801,233.8099667878884,0.0,150.860664923432,151.7610332121116,227.2457664462256,R2_5h_#1,2_5_1_0010.csv,1,0.43045455796949444,0.06954544203050556
134,281,134,33,0.68,0.9304852983362556,0.4218200019124359,212.684335076568,2.6029667878883913,0.0,150.860664923432,151.7610332121116,227.2457664462256,R2_5h_#1,2_5_1_0010.csv,1,0.9879093343390628,0.4879093343390628
136,283,136,35,11.742,3.8665719616063376,30.26752531545441,4.781335076567984,9.833966787888386,3324.9542335537744,150.860664923432,151.7610332121116,227.2457664462256,R2_5h_#1,2_5_1_0010.csv,1,0.3271458311918917,0.17285416880810828
137,284,137,37,7.292,3.0470416407080503,14.812685096028735,12.910335076567975,1549.1289667878884,0.0,150.860664923432,151.7610332121116,227.2457664462256,R2_5h_#1,2_5_1_0010.csv,1,0.008265051373008443,0.4917349486269916
138,285,138,38,3.522,2.1176283140714856,4.972191281439847,9.016335076567998,121.62496678788841,2546.824233553775,150.860664923432,151.7610332121116,227.2457664462256,R2_5h_#1,2_5_1_0010.csv,1,0.06901596162844939,0.43098403837155064
139,286,139,39,2.41,1.7517155313611117,2.814422953720185,207.57533507656797,44.956966787888376,0.0,150.860664923432,151.7610332121116,227.2457664462256,R2_5h_#1,2_5_1_0010.csv,1,0.8219753811454248,0.3219753811454248
141,2089,0,3,2.657,1.8392926548978896,3.258000389375795,7.488860138215443,2.23345394483448,1325.5087051231926,148.90613986178457,148.8365460551655,153.0262948768074,R2_5h_#1,2_5_1_0001.csv,2,0.7702754790931586,0.27027547909315863
142,2090,1,5,2.163,1.6595231650272788,2.393032403969336,20.807860138215432,9.792453944834477,1173.2027051231926,148.90613986178457,148.8365460551655,153.0262948768074,R2_5h_#1,2_5_1_0001.csv,2,0.6799884498486667,0.1799884498486667
143,2091,2,6,2.905,1.923216284627303,3.72462887122821,49.242860138215434,21.333453944834474,994.1227051231924,148.90613986178457,148.8365460551655,153.0262948768074,R2_5h_#1,2_5_1_0001.csv,2,0.6977250197604459,0.19772501976044587
144,2092,3,9,16.624,4.600688447577965,50.98789650169071,12.907860138215426,1.0554539448344826,1658.4157051231925,148.90613986178457,148.8365460551655,153.0262948768074,R2_5h_#1,2_5_1_0001.csv,2,0.9244123609512086,0.4244123609512086
145,2093,4,10,16.129,4.531675255028039,48.72759345889815,1747.5648601382154,1654.9914539448346,177.09970512319256,148.90613986178457,148.8365460551655,153.0262948768074,R2_5h_#1,2_5_1_0001.csv,2,0.5136035083108283,0.01360350831082835
146,2094,5,11,2.039,1.611252752275383,2.190229574593004,108.33586013821545,18.133453944834486,1118.9127051231926,148.90613986178457,148.8365460551655,153.0262948768074,R2_5h_#1,2_5_1_0001.csv,2,0.8566177568344634,0.3566177568344634
147,2095,6,12,4.326,2.3469201670539017,6.768517761783452,31.15086013821542,4.763453944834481,1159.5877051231926,148.90613986178457,148.8365460551655,153.0262948768074,R2_5h_#1,2_5_1_0001.csv,2,0.8673661444899309,0.3673661444899309
148,2096,7,13,0.247,0.5607942292406237,0.092344116414956,327.8438601382154,2337.6634539448346,23.223705123192588,148.90613986178457,148.8365460551655,153.0262948768074,R2_5h_#1,2_5_1_0001.csv,2,0.12299492048139271,0.3770050795186073
149,2097,8,0,14.275,4.263272745332445,40.57214562641376,14.492833253285198,7.182741957996029,1617.951682618858,149.0261667467148,148.89525804200397,157.78431738114196,R2_5h_#1,2_5_1_0002.csv,2,0.6686250820113085,0.16862508201130855
150,2098,9,1,17.921,4.776790332555831,57.06990636648868,36.3148332532852,46.804741957996015,1692.529682618858,149.0261667467148,148.89525804200397,157.78431738114196,R2_5h_#1,2_5_1_0002.csv,2,0.436898686753111,0.063101313246889
151,2099,10,2,5.191,2.570872707218354,8.89693348211365,162.65283325328517,1757.3907419579962,281.001682618858,149.0261667467148,148.89525804200397,157.78431738114196,R2_5h_#1,2_5_1_0002.csv,2,0.08471309471993982,0.4152869052800602
152,2100,11,5,24.101,5.539525816138251,89.00540779649863,141.13283325328518,118.230741957996,2430.328682618858,149.0261667467148,148.89525804200397,157.78431738114196,R2_5h_#1,2_5_1_0002.csv,2,0.5441505544420276,0.044150554442027645
153,2101,12,6,4.511,2.3965774734609187,7.207307321854803,1215.1248332532853,1.0227419579960326,164.44868261885804,149.0261667467148,148.89525804200397,157.78431738114196,R2_5h_#1,2_5_1_0002.csv,2,0.9991590313718149,0.49915903137181494
154,2102,13,7,1.73,1.4841510746523858,1.711720906099085,113.97383325328519,1614.461741957996,127.67968261885804,149.0261667467148,148.89525804200397,157.78431738114196,R2_5h_#1,2_5_1_0002.csv,2,0.06594045788449662,0.43405954211550335
155,2103,14,8,2.039,1.611252752275383,2.190229574593004,101.91283325328519,32.77174195799603,1144.2766826188579,149.0261667467148,148.89525804200397,157.78431738114196,R2_5h_#1,2_5_1_0002.csv,2,0.7566778385231818,0.2566778385231818
157,2105,16,10,4.264,2.3300415058000006,6.623531320487468,22.1478332532852,0.3217419579960392,1523.838682618858,149.0261667467148,148.89525804200397,157.78431738114196,R2_5h_#1,2_5_1_0002.csv,2,0.985680995080205,0.485680995080205
158,2106,17,11,42.455,7.352236725767971,208.0928067949861,35.989833253285184,9.830741957996025,1871.570682618858,149.0261667467148,148.89525804200397,157.78431738114196,R2_5h_#1,2_5_1_0002.csv,2,0.785451363003063,0.28545136300306295
160,2108,19,1,3.399,2.080322381880947,4.714010517342224,92.41363707951712,917.9789681341042,28.11143062160326,149.2953629204829,149.00303186589574,153.67056937839675,R2_5h_#1,2_5_1_0003.csv,2,0.09146309721851008,0.4085369027814899
161,2109,20,3,7.354,3.0599679102863786,15.002002674830685,3081.519637079517,8.425968134104266,23.54743062160324,149.2953629204829,149.00303186589574,153.67056937839675,R2_5h_#1,2_5_1_0003.csv,2,0.9972731014682307,0.49727310146823067
162,2110,21,6,0.247,0.5607942292406237,0.092344116414956,35.70463707951711,17.496968134104264,775.0794306216033,149.2953629204829,149.00303186589574,153.67056937839675,R2_5h_#1,2_5_1_0003.csv,2,0.6711195449113168,0.17111954491131676
163,2111,22,11,3.275,2.042023386009,4.45841772611965,160.98763707951713,3.5439681341042615,857.9894306216032,149.2953629204829,149.00303186589574,153.67056937839675,R2_5h_#1,2_5_1_0003.csv,2,0.9784602591732883,0.47846025917328827
165,2113,24,13,2.163,1.6595231650272788,2.393032403969336,122.56163707951714,725.2259681341043,12.815430621603241,149.2953629204829,149.00303186589574,153.67056937839675,R2_5h_#1,2_5_1_0003.csv,2,0.14456644131832366,0.35543355868167636
166,2114,25,14,5.006,2.5246459476418126,8.425585075929943,14.494637079517105,2.403968134104275,1017.1934306216033,149.2953629204829,149.00303186589574,153.67056937839675,R2_5h_#1,2_5_1_0003.csv,2,0.8577416240148317,0.35774162401483167
167,2115,26,16,2.905,1.923216284627303,3.72462887122821,61.8326370795171,19.01796813410425,929.5634306216032,149.2953629204829,149.00303186589574,153.67056937839675,R2_5h_#1,2_5_1_0003.csv,2,0.764776428279597,0.264776428279597
168,2116,27,0,1.051,1.1567950386808616,0.8105277237690571,12.738449701327426,1.3649459313377292,0.0,148.4965502986726,148.81105406866226,152.44325353828987,R2_5h_#1,2_5_1_0004.csv,2,0.9032186313928292,0.4032186313928292
169,2117,28,1,5.376,2.616282819669203,9.376757625694426,23.629449701327417,15.935945931337756,62.16574646171014,148.4965502986726,148.81105406866226,152.44325353828987,R2_5h_#1,2_5_1_0004.csv,2,0.5972251590937955,0.09722515909379548
170,2118,29,3,1.545,1.402553063743339,1.4446296556556393,11.903449701327418,3.4289459313377506,11.516746461710142,148.4965502986726,148.81105406866226,152.44325353828987,R2_5h_#1,2_5_1_0004.csv,2,0.7763594148306157,0.27635941483061566
172,2120,31,6,10.444,3.646603050129537,25.390081503701925,23.373449701327417,11.579945931337733,620.2137464617101,148.4965502986726,148.81105406866226,152.44325353828987,R2_5h_#1,2_5_1_0004.csv,2,0.6687032626805541,0.16870326268055413
173,2121,32,11,1.421,1.3450923362612195,1.274250806551462,16.67744970132742,2.5799459313377326,11.947746461710125,148.4965502986726,148.81105406866226,152.44325353828987,R2_5h_#1,2_5_1_0004.csv,2,0.8660283051483074,0.3660283051483074
174,2122,33,24,1.298,1.2855601615895855,1.1124380598288546,14.21744970132741,2.7599459313377395,75.41374646171013,148.4965502986726,148.81105406866226,152.44325353828987,R2_5h_#1,2_5_1_0004.csv,2,0.8374340805236641,0.3374340805236641
176,2124,35,26,1.978,1.5869681217611626,2.092681963229053,17.065449701327424,2.0009459313377533,7.58774646171014,148.4965502986726,148.81105406866226,152.44325353828987,R2_5h_#1,2_5_1_0004.csv,2,0.8950537915037456,0.39505379150374564
177,2125,36,32,2.905,1.923216284627303,3.72462887122821,12.652449701327413,0.12494593133774856,12.641746461710142,148.4965502986726,148.81105406866226,152.44325353828987,R2_5h_#1,2_5_1_0004.csv,2,0.9902213303141114,0.4902213303141114
178,2126,37,37,1.978,1.5869681217611626,2.092681963229053,20.753449701327412,0.7829459313377356,35.65074646171013,148.4965502986726,148.81105406866226,152.44325353828987,R2_5h_#1,2_5_1_0004.csv,2,0.9636454518809913,0.46364545188099127
179,2127,38,40,5.191,2.570872707218354,8.89693348211365,8.527449701327413,762.9629459313378,24.37774646171013,148.4965502986726,148.81105406866226,152.44325353828987,R2_5h_#1,2_5_1_0004.csv,2,0.011053215632495889,0.4889467843675041
180,2128,39,41,1.174,1.2226132771727456,0.956898658267202,15.2924497013274,3.4519459313377467,56.18874646171014,148.4965502986726,148.81105406866226,152.44325353828987,R2_5h_#1,2_5_1_0004.csv,2,0.8158411719969156,0.31584117199691564
181,2129,40,44,0.433,0.7425043588224419,0.2143362582467449,13.360449701327411,4.045945931337741,203.55674646171013,148.4965502986726,148.81105406866226,152.44325353828987,R2_5h_#1,2_5_1_0004.csv,2,0.7675598086633716,0.2675598086633716
182,2130,41,46,0.803,1.0111435874406445,0.5412988671432248,13.19544970132742,1.1889459313377415,2.1717464617101427,148.4965502986726,148.81105406866226,152.44325353828987,R2_5h_#1,2_5_1_0004.csv,2,0.9173447420593887,0.41734474205938865
183,2131,42,47,6.056,2.776821687274166,11.2109547587549,7.972449701327406,1.464945931337752,817.7297464617102,148.4965502986726,148.81105406866226,152.44325353828987,R2_5h_#1,2_5_1_0004.csv,2,0.8447722244188628,0.3447722244188628
184,2132,43,51,1.051,1.1567950386808616,0.8105277237690571,14.444449701327414,5.3069459313377365,13.08574646171013,148.4965502986726,148.81105406866226,152.44325353828987,R2_5h_#1,2_5_1_0004.csv,2,0.7313128636560229,0.23131286365602288
186,2134,45,69,3.584,2.1361859769998546,5.1040603610449855,32.12444970132742,1.9479459313377276,2.3157464617101198,148.4965502986726,148.81105406866226,152.44325353828987,R2_5h_#1,2_5_1_0004.csv,2,0.9428292054266288,0.44282920542662885
187,2135,46,71,11.989,3.907028141929601,31.22757359572932,17.915449701327418,6.734945931337734,243.68574646171015,148.4965502986726,148.81105406866226,152.44325353828987,R2_5h_#1,2_5_1_0004.csv,2,0.7267814264849767,0.22678142648497668
189,2137,48,74,2.101,1.6355660437562822,2.2908828386213,31.35644970132742,6.247945931337739,49.73274646171012,148.4965502986726,148.81105406866226,152.44325353828987,R2_5h_#1,2_5_1_0004.csv,2,0.8338506489408796,0.33385064894087957
191,2139,50,81,2.596,1.8180566157665397,3.146449983019957,94.97944970132741,3.40294593133774,39.318746461710134,148.4965502986726,148.81105406866226,152.44325353828987,R2_5h_#1,2_5_1_0004.csv,2,0.9654110279643578,0.46541102796435785
192,2140,51,82,2.905,1.923216284627303,3.72462887122821,15.524449701327399,3.699945931337737,454.49274646171017,148.4965502986726,148.81105406866226,152.44325353828987,R2_5h_#1,2_5_1_0004.csv,2,0.8075390247872878,0.3075390247872878
193,2141,52,83,2.287,1.7064286796726422,2.6017349269408885,15.287449701327404,7.1349459313377395,140.74574646171016,148.4965502986726,148.81105406866226,152.44325353828987,R2_5h_#1,2_5_1_0004.csv,2,0.6817937722522616,0.18179377225226157
194,2142,53,91,2.41,1.7517155313611117,2.814422953720185,19.529449701327422,0.6509459313377306,66.47974646171014,148.4965502986726,148.81105406866226,152.44325353828987,R2_5h_#1,2_5_1_0004.csv,2,0.9677436486783206,0.46774364867832063
195,2143,54,6,16.006,4.514362873433084,48.17126143477996,43.52064433166106,24.261837296059895,925.7898972492495,148.61835566833895,148.7301627039401,154.26410275075057,R2_5h_#1,2_5_1_0005.csv,2,0.6420633073112869,0.1420633073112869
196,2144,55,9,0.989,1.1221559204241969,0.7398748035330203,12.38164433166105,29.957837296059893,0.0,148.61835566833895,148.7301627039401,154.26410275075057,R2_5h_#1,2_5_1_0005.csv,2,0.29243731514073174,0.20756268485926826
197,2145,56,25,3.028,1.963509445217433,3.963671066745592,13.544644331661061,6.636837296059895,288.71589724924945,148.61835566833895,148.7301627039401,154.26410275075057,R2_5h_#1,2_5_1_0005.csv,2,0.6711422174800267,0.17114221748002667
198,2146,57,26,13.657,4.16996792103346,37.96616793170264,56.888644331661055,15.875837296059899,593.6178972492494,148.61835566833895,148.7301627039401,154.26410275075057,R2_5h_#1,2_5_1_0005.csv,2,0.7818188635317411,0.2818188635317411
199,2147,58,27,3.09,1.983509564693766,4.0860297032691575,17.38164433166105,5.989837296059903,417.59589724924945,148.61835566833895,148.7301627039401,154.26410275075057,R2_5h_#1,2_5_1_0005.csv,2,0.7437116999482246,0.2437116999482246
200,2148,59,38,3.028,1.963509445217433,3.963671066745592,22.95264433166105,1.1678372960599006,52.14389724924942,148.61835566833895,148.7301627039401,154.26410275075057,R2_5h_#1,2_5_1_0005.csv,2,0.9515831684423026,0.4515831684423026
201,2149,60,53,0.803,1.0111435874406445,0.5412988671432248,9.227644331661054,8.731837296059894,130.50489724924944,148.61835566833895,148.7301627039401,154.26410275075057,R2_5h_#1,2_5_1_0005.csv,2,0.5138034895961548,0.01380348959615485
202,2150,61,55,1.792,1.5105115902122073,1.8045578464401832,14.760644331661041,0.0,9.218897249249437,148.61835566833895,148.7301627039401,154.26410275075057,R2_5h_#1,2_5_1_0005.csv,2,1.0,0.5
203,2151,62,70,3.522,2.1176283140714856,4.972191281439847,24.679644331661052,3.251837296059904,148.41989724924946,148.61835566833895,148.7301627039401,154.26410275075057,R2_5h_#1,2_5_1_0005.csv,2,0.8835780593596375,0.3835780593596375
204,2152,63,72,2.163,1.6595231650272788,2.393032403969336,17.18164433166106,5.983837296059903,43.50689724924942,148.61835566833895,148.7301627039401,154.26410275075057,R2_5h_#1,2_5_1_0005.csv,2,0.7416916517332691,0.24169165173326912
205,2153,64,80,1.607,1.430418102650203,1.5324545939725842,15.227644331661054,4.731837296059894,145.81289724924943,148.61835566833895,148.7301627039401,154.26410275075057,R2_5h_#1,2_5_1_0005.csv,2,0.7629278463079908,0.2629278463079908
206,2154,65,83,2.287,1.7064286796726422,2.6017349269408885,16.138644331661055,12.134837296059914,90.68189724924943,148.61835566833895,148.7301627039401,154.26410275075057,R2_5h_#1,2_5_1_0005.csv,2,0.5708049876615757,0.07080498766157572
207,2155,66,85,1.483,1.3741230821299255,1.35854968719912,9.75664433166105,5.227837296059903,443.65289724924946,148.61835566833895,148.7301627039401,154.26410275075057,R2_5h_#1,2_5_1_0005.csv,2,0.6511165734029449,0.15111657340294493
208,2156,67,93,2.101,1.6355660437562822,2.2908828386213,14.734644331661059,0.8578372960598983,95.79489724924943,148.61835566833895,148.7301627039401,154.26410275075057,R2_5h_#1,2_5_1_0005.csv,2,0.9449839149058351,0.4449839149058351
209,2157,68,105,4.264,2.3300415058000006,6.623531320487468,19.671644331661042,4.90783729605991,57.77889724924944,148.61835566833895,148.7301627039401,154.26410275075057,R2_5h_#1,2_5_1_0005.csv,2,0.8003278762996854,0.3003278762996854
210,2158,69,110,7.539,3.098217701801859,15.571642169256142,22.455644331661063,4.917837296059901,643.8428972492494,148.61835566833895,148.7301627039401,154.26410275075057,R2_5h_#1,2_5_1_0005.csv,2,0.8203430106939836,0.32034301069398363
211,2159,70,113,22.0,5.292567428401227,77.624322283218,19.749644331661045,49.676837296059915,1454.9938972492496,148.61835566833895,148.7301627039401,154.26410275075057,R2_5h_#1,2_5_1_0005.csv,2,0.28446846028526535,0.21553153971473465
212,2160,71,117,20.641,5.126493679200092,70.54397068824605,24.91164433166105,6.086837296059912,815.1248972492494,148.61835566833895,148.7301627039401,154.26410275075057,R2_5h_#1,2_5_1_0005.csv,2,0.8036407921794259,0.30364079217942586
213,2161,72,1,3.028,1.963509445217433,3.963671066745592,7.748022704952689,4.850259521944395,1046.7511774530847,149.2929772950473,148.9867404780556,154.5958225469154,R2_5h_#1,2_5_1_0006.csv,2,0.6150062814445301,0.11500628144453007
214,2162,73,2,0.865,1.049453289192004,0.6051847301007222,151.4210227049527,960.8702595219444,0.9041774530845998,149.2929772950473,148.9867404780556,154.5958225469154,R2_5h_#1,2_5_1_0006.csv,2,0.1361343248162438,0.36386567518375623
215,2163,74,3,10.073,3.58124865572293,24.049278472731384,81.61502270495268,33.013259521944406,1519.8641774530847,149.2929772950473,148.9867404780556,154.5958225469154,R2_5h_#1,2_5_1_0006.csv,2,0.711997258611994,0.21199725861199403
216,2164,75,5,12.545,3.996597313803658,33.42487553444459,14.717022704952683,4.737259521944395,1281.7881774530847,149.2929772950473,148.9867404780556,154.5958225469154,R2_5h_#1,2_5_1_0006.csv,2,0.7564927111320118,0.2564927111320118
217,2165,76,6,1.854,1.5364199022204157,1.8990149991444336,1163.1740227049527,586.0132595219444,20.0711774530846,149.2929772950473,148.9867404780556,154.5958225469154,R2_5h_#1,2_5_1_0006.csv,2,0.6649796934403224,0.16497969344032237
218,2166,77,7,3.77,2.190916037563184,5.506502307742137,28.0180227049527,24.66925952194441,1221.3881774530846,149.2929772950473,148.9867404780556,154.5958225469154,R2_5h_#1,2_5_1_0006.csv,2,0.5317796158908603,0.03177961589086031
219,2167,78,9,0.556,0.8413805244196888,0.3118717143848979,14.04002270495269,23.013259521944406,968.1821774530846,149.2929772950473,148.9867404780556,154.5958225469154,R2_5h_#1,2_5_1_0006.csv,2,0.378914413545826,0.121085586454174
220,2168,79,10,26.573,5.816682424049596,103.04446803617994,51.86502270495268,25.773259521944397,1146.4901774530847,149.2929772950473,148.9867404780556,154.5958225469154,R2_5h_#1,2_5_1_0006.csv,2,0.6680341349307252,0.16803413493072517
222,2170,81,14,8.59,3.30713285026094,18.93884745582765,91.42602270495269,60.29425952194441,1292.6921774530847,149.2929772950473,148.9867404780556,154.5958225469154,R2_5h_#1,2_5_1_0006.csv,2,0.602595917718011,0.10259591771801102
223,2171,82,15,5.562,2.6611573324057667,9.867571388560584,403.0180227049527,1156.1802595219442,449.16017745308454,149.2929772950473,148.9867404780556,154.5958225469154,R2_5h_#1,2_5_1_0006.csv,2,0.2584777236474052,0.24152227635259482
224,2172,83,16,7.787,3.1487642552043678,16.34628483685094,1491.5400227049527,10.291259521944397,407.9281774530846,149.2929772950473,148.9867404780556,154.5958225469154,R2_5h_#1,2_5_1_0006.csv,2,0.9931475261943642,0.4931475261943642
225,2173,84,17,6.921,2.9685166142556896,13.696735658175752,1068.5370227049525,130.28125952194438,750.9841774530846,149.2929772950473,148.9867404780556,154.5958225469154,R2_5h_#1,2_5_1_0006.csv,2,0.8913252646765305,0.3913252646765305
226,2174,85,0,5.067,2.539981254492456,8.580056677675513,33.55319246826582,21.76295944066092,622.0776716243238,148.93480753173418,148.8350405593391,155.10532837567624,R2_5h_#1,2_5_1_0008.csv,2,0.6065713414683698,0.10657134146836977
227,2175,86,1,1.607,1.430418102650203,1.5324545939725842,18.68019246826583,0.010959440660911923,0.0,148.93480753173418,148.8350405593391,155.10532837567624,R2_5h_#1,2_5_1_0008.csv,2,0.9994136562201028,0.4994136562201028
228,2176,87,2,1.174,1.2226132771727456,0.956898658267202,14.118192468265818,7.743959440660916,38.105671624323776,148.93480753173418,148.8350405593391,155.10532837567624,R2_5h_#1,2_5_1_0008.csv,2,0.6457823789295458,0.14578237892954582
229,2177,88,7,2.534,1.796215189324181,3.0344061931649824,25.431192468265834,10.554959440660895,167.55367162432375,148.93480753173418,148.8350405593391,155.10532837567624,R2_5h_#1,2_5_1_0008.csv,2,0.7066938563652695,0.2066938563652695
230,2178,89,8,7.354,3.0599679102863786,15.002002674830685,24.17419246826583,30.34995944066091,252.60867162432376,148.93480753173418,148.8350405593391,155.10532837567624,R2_5h_#1,2_5_1_0008.csv,2,0.4433666847059754,0.0566333152940246
231,2179,90,16,1.669,1.4577505960084485,1.6219904964920668,16.95419246826583,116.86895944066092,9.338671624323752,148.93480753173418,148.8350405593391,155.10532837567624,R2_5h_#1,2_5_1_0008.csv,2,0.1266910263763926,0.3733089736236074
232,2180,91,22,1.483,1.3741230821299255,1.35854968719912,17.31519246826582,10.497959440660907,92.81167162432376,148.93480753173418,148.8350405593391,155.10532837567624,R2_5h_#1,2_5_1_0008.csv,2,0.6225541256511977,0.12255412565119772
233,2181,92,25,6.551,2.8880776058755853,12.613197597393974,72.38619246826582,13.070959440660914,465.3756716243238,148.93480753173418,148.8350405593391,155.10532837567624,R2_5h_#1,2_5_1_0008.csv,2,0.8470466292324969,0.34704662923249685
234,2182,93,32,7.045,2.9949912508485266,14.06647557481858,48.61819246826582,786.9629594406609,100.51767162432375,148.93480753173418,148.8350405593391,155.10532837567624,R2_5h_#1,2_5_1_0008.csv,2,0.05818488408599827,0.44181511591400174
235,2183,94,42,1.916,1.5618985138966526,1.9950650350839907,19.42019246826581,0.0,16.378671624323772,148.93480753173418,148.8350405593391,155.10532837567624,R2_5h_#1,2_5_1_0008.csv,2,1.0,0.5
236,2184,95,44,18.045,4.7932877636071485,57.66325179619401,62.41819246826583,630.5829594406609,741.0076716243238,148.93480753173418,148.8350405593391,155.10532837567624,R2_5h_#1,2_5_1_0008.csv,2,0.09006939208734352,0.40993060791265645
237,2185,96,46,1.607,1.430418102650203,1.5324545939725842,11.56519246826582,1.3959594406609028,10.356671624323752,148.93480753173418,148.8350405593391,155.10532837567624,R2_5h_#1,2_5_1_0008.csv,2,0.8922966530698969,0.3922966530698969
238,2186,97,47,53.764,8.273720498248736,296.55220591189675,100.28319246826581,38.53995944066091,1401.6936716243238,148.93480753173418,148.8350405593391,155.10532837567624,R2_5h_#1,2_5_1_0008.csv,2,0.7223808931672681,0.22238089316726806
239,2187,98,50,1.236,1.2544815970322805,1.033692835954599,14.56519246826582,0.21495944066091965,455.79467162432377,148.93480753173418,148.8350405593391,155.10532837567624,R2_5h_#1,2_5_1_0008.csv,2,0.9854562089763711,0.4854562089763711
240,2188,99,64,1.669,1.4577505960084485,1.6219904964920668,15.472192468265831,22.312959440660904,822.1166716243238,148.93480753173418,148.8350405593391,155.10532837567624,R2_5h_#1,2_5_1_0008.csv,2,0.40947810678539387,0.09052189321460613
241,2189,100,67,11.371,3.804997616711939,28.844418599754302,66.24419246826582,10.751959440660897,726.0246716243238,148.93480753173418,148.8350405593391,155.10532837567624,R2_5h_#1,2_5_1_0008.csv,2,0.8603571844294423,0.3603571844294423
242,2190,101,76,5.438,2.631326023941126,9.53943394546123,21.292192468265824,10.74495944066092,433.8606716243238,148.93480753173418,148.8350405593391,155.10532837567624,R2_5h_#1,2_5_1_0008.csv,2,0.6646094050056,0.16460940500559995
243,2191,102,77,3.275,2.042023386009,4.45841772611965,18.933192468265815,60.95695944066091,91.98867162432376,148.93480753173418,148.8350405593391,155.10532837567624,R2_5h_#1,2_5_1_0008.csv,2,0.23699031752811411,0.2630096824718859
244,2192,103,83,15.82,4.488056327377173,47.33403406607125,15.202192468265821,23.66495944066091,1979.2266716243237,148.93480753173418,148.8350405593391,155.10532837567624,R2_5h_#1,2_5_1_0008.csv,2,0.39113214428182197,0.10886785571817803
245,2193,104,1,5.624,2.675948280440142,10.033022086130238,88.5644473832655,2863.8971232880776,202.39526115329312,149.6995526167345,149.7948767119222,159.4837388467069,R2_5h_#1,2_5_1_0009.csv,2,0.029996816305089907,0.4700031836949101
246,2194,105,2,1.421,1.3450923362612195,1.274250806551462,92.9094473832655,660.7701232880779,1606.8202611532931,149.6995526167345,149.7948767119222,159.4837388467069,R2_5h_#1,2_5_1_0009.csv,2,0.12327446702649243,0.3767255329735076
247,2195,106,6,4.079,2.278934861503226,6.1971835333811045,25.3614473832655,3.7811232880777936,2177.471261153293,149.6995526167345,149.7948767119222,159.4837388467069,R2_5h_#1,2_5_1_0009.csv,2,0.8702542980604014,0.37025429806040144
248,2196,107,8,1.36,1.3159049284959083,1.1930871351696235,45.80044738326549,2.387123288077788,2148.8342611532935,149.6995526167345,149.7948767119222,159.4837388467069,R2_5h_#1,2_5_1_0009.csv,2,0.9504618461810653,0.45046184618106533
249,2197,108,9,10.073,3.58124865572293,24.049278472731384,82.4044473832655,3.536123288077789,2618.964261153293,149.6995526167345,149.7948767119222,159.4837388467069,R2_5h_#1,2_5_1_0009.csv,2,0.9588538537683122,0.4588538537683122
250,2198,109,10,0.494,0.7930828046926566,0.2611886036787816,122.05044738326549,60.3301232880778,1908.641261153293,149.6995526167345,149.7948767119222,159.4837388467069,R2_5h_#1,2_5_1_0009.csv,2,0.6692075089687324,0.16920750896873238
251,2199,110,11,11.803,3.876602423064445,30.503692266286425,24.237447383265504,2.9071232880777984,3099.6262611532934,149.6995526167345,149.7948767119222,159.4837388467069,R2_5h_#1,2_5_1_0009.csv,2,0.8929022188902451,0.3929022188902451
252,2200,111,12,4.14,2.2959119571977435,6.336717001865771,2630.613447383266,183.53312328807777,100.44126115329311,149.6995526167345,149.7948767119222,159.4837388467069,R2_5h_#1,2_5_1_0009.csv,2,0.9347819601150718,0.43478196011507175
253,1142,0,0,20.579,5.118788586287279,70.22636687813728,40.78243308428972,8.463447493238561,1052.0551304570602,150.92056691571028,152.02555250676144,156.56386954293976,R2_5h_#1,2_5_1.csv,3,0.8281389754029381,0.3281389754029381
254,1143,1,12,7.416,3.0728398044408314,15.192119993155467,11.354433084289724,4.5414474932385644,297.6031304570602,150.92056691571028,152.02555250676144,156.56386954293976,R2_5h_#1,2_5_1.csv,3,0.7143003515225999,0.21430035152259985
255,1144,2,48,29.292,6.107023231033463,119.25794965562146,17.43343308428973,78.00844749323855,1251.6361304570603,150.92056691571028,152.02555250676144,156.56386954293976,R2_5h_#1,2_5_1.csv,3,0.18266020093902488,0.3173397990609751
257,1146,4,67,31.764,6.359495333669781,134.66867318579128,31.789433084289726,29.795447493238555,1736.6011304570602,150.92056691571028,152.02555250676144,156.56386954293976,R2_5h_#1,2_5_1.csv,3,0.5161889214718942,0.016188921471894213
258,1147,5,76,3.584,2.1361859769998546,5.1040603610449855,15.027433084289726,0.5604474932385699,156.07413045706022,150.92056691571028,152.02555250676144,156.56386954293976,R2_5h_#1,2_5_1.csv,3,0.9640459464356868,0.46404594643568675
259,1148,6,0,2.657,1.8392926548978896,3.258000389375795,22.667572079020488,1.1492717218413873,1744.3042738432948,151.4024279209795,152.31572827815862,158.4627261567053,R2_5h_#1,2_5_1_0001.csv,3,0.9517454230522435,0.4517454230522435
260,1149,7,1,11.124,3.763444791096842,27.909706570774183,2362.6035720790205,41.74527172184139,914.5372738432948,151.4024279209795,152.31572827815862,158.4627261567053,R2_5h_#1,2_5_1_0001.csv,3,0.9826375977722729,0.4826375977722729
261,1150,8,3,2.225,1.6831393249032407,2.4966566652731403,7.653572079020506,3.3512717218413854,1178.7042738432947,151.4024279209795,152.31572827815862,158.4627261567053,R2_5h_#1,2_5_1_0001.csv,3,0.6954730314682962,0.1954730314682962
263,1152,10,7,4.882,2.493181793892508,8.11447567852215,9.07857207902049,4.557271721841374,1764.0812738432949,151.4024279209795,152.31572827815862,158.4627261567053,R2_5h_#1,2_5_1_0001.csv,3,0.6657873331202776,0.1657873331202776
264,1153,11,8,1.916,1.5618985138966526,1.9950650350839907,3.403572079020506,920.7812717218413,0.0,151.4024279209795,152.31572827815862,158.4627261567053,R2_5h_#1,2_5_1_0001.csv,3,0.0036827828348956226,0.49631721716510435
266,1155,13,11,2.225,1.6831393249032407,2.4966566652731403,2001.3195720790206,49.851271721841385,29.398273843294703,151.4024279209795,152.31572827815862,158.4627261567053,R2_5h_#1,2_5_1_0001.csv,3,0.9756961874372855,0.4756961874372855
267,1156,14,14,7.91,3.1735350634355903,16.73510823451701,60.3005720790205,47.676271721841374,2077.560273843295,151.4024279209795,152.31572827815862,158.4627261567053,R2_5h_#1,2_5_1_0001.csv,3,0.5584583690020691,0.05845836900206913
268,1157,15,0,6.18,2.805106127486678,11.557037245245114,19.443196823630245,19.5029993509971,1698.6189161239317,151.05680317636975,152.1070006490029,158.3010838760683,R2_5h_#1,2_5_1_0002.csv,3,0.4992322417432153,0.0007677582567847119
269,1158,16,1,1.112,1.1898917487509109,0.8821064164073417,9.999196823630257,676.3369993509971,0.0,151.05680317636975,152.1070006490029,158.3010838760683,R2_5h_#1,2_5_1_0002.csv,3,0.014568948686317166,0.48543105131368286
270,1159,17,2,1.854,1.5364199022204157,1.8990149991444336,169.47619682363026,641.9599993509971,227.2659161239317,151.05680317636975,152.1070006490029,158.3010838760683,R2_5h_#1,2_5_1_0002.csv,3,0.20885954758069192,0.2911404524193081
271,1160,18,3,0.062,0.2809641467760256,0.011613184733409,0.0,11.892999350997087,1103.6989161239317,151.05680317636975,152.1070006490029,158.3010838760683,R2_5h_#1,2_5_1_0002.csv,3,0.0,0.5
272,1161,19,4,10.011,3.5702102294323947,23.8275830712318,24.931196823630245,13.071999350997089,2069.433916123932,151.05680317636975,152.1070006490029,158.3010838760683,R2_5h_#1,2_5_1_0002.csv,3,0.6560289484355384,0.15602894843553838
275,1164,22,8,3.646,2.154583806702446,5.23707503949141,1230.6721968236302,362.33399935099715,22.27491612393169,151.05680317636975,152.1070006490029,158.3010838760683,R2_5h_#1,2_5_1_0002.csv,3,0.7725470244741737,0.27254702447417367
277,1166,24,10,0.803,1.0111435874406445,0.5412988671432248,57.17419682363024,16.584999350997094,1804.0069161239317,151.05680317636975,152.1070006490029,158.3010838760683,R2_5h_#1,2_5_1_0002.csv,3,0.775146690702383,0.27514669070238296
278,1167,25,12,2.966,1.9433034991180596,3.8425587855894423,22.443196823630245,26.68499935099709,2191.3029161239315,151.05680317636975,152.1070006490029,158.3010838760683,R2_5h_#1,2_5_1_0002.csv,3,0.4568292461594839,0.04317075384051611
279,1168,26,14,2.472,1.774104888270511,2.923724855869802,46.46819682363025,943.9679993509972,3.748916123931707,151.05680317636975,152.1070006490029,158.3010838760683,R2_5h_#1,2_5_1_0002.csv,3,0.0469169008595454,0.4530830991404546
280,1169,27,15,7.972,3.185948155671827,16.932252464677205,45.73419682363024,6.636999350997087,2178.8309161239317,151.05680317636975,152.1070006490029,158.3010838760683,R2_5h_#1,2_5_1_0002.csv,3,0.8732700446851247,0.3732700446851247
281,1170,28,16,3.646,2.154583806702446,5.23707503949141,27.723196823630246,10.21499935099709,2307.3259161239316,151.05680317636975,152.1070006490029,158.3010838760683,R2_5h_#1,2_5_1_0002.csv,3,0.7307463089710952,0.23074630897109516
282,1171,29,18,2.101,1.6355660437562822,2.2908828386213,1010.5901968236302,5.010999350997082,362.3459161239317,151.05680317636975,152.1070006490029,158.3010838760683,R2_5h_#1,2_5_1_0002.csv,3,0.9950659773049978,0.4950659773049978
283,1172,30,19,0.989,1.1221559204241969,0.7398748035330203,80.69319682363025,16.142999350997087,1780.4489161239317,151.05680317636975,152.1070006490029,158.3010838760683,R2_5h_#1,2_5_1_0002.csv,3,0.8332958130461261,0.3332958130461261
284,1173,31,0,4.697,2.445486892547384,7.657634622863374,2042.617311331492,30.495696221769123,659.2277657440499,151.30368866850785,152.3463037782309,164.7462342559502,R2_5h_#1,2_5_1_0004.csv,3,0.9852899016548254,0.48528990165482544
285,1174,32,1,4.511,2.3965774734609187,7.207307321854803,307.57331133149216,143.2696962217691,2881.06176574405,151.30368866850785,152.3463037782309,164.7462342559502,R2_5h_#1,2_5_1_0004.csv,3,0.6822182138316881,0.18221821383168813
286,1175,33,3,0.927,1.0864129316100282,0.6714031917349973,59.76331133149216,2110.1206962217693,36.320765744049794,151.30368866850785,152.3463037782309,164.7462342559502,R2_5h_#1,2_5_1_0004.csv,3,0.02754216867051831,0.4724578313294817
287,1176,34,4,3.214,2.0229166806319068,4.334436141033964,97.35031133149215,2529.7886962217694,36.580765744049785,151.30368866850785,152.3463037782309,164.7462342559502,R2_5h_#1,2_5_1_0004.csv,3,0.037055637730474565,0.46294436226952546
288,1177,35,5,1.236,1.2544815970322805,1.033692835954599,55.89631133149214,115.05369622176909,2577.55376574405,151.30368866850785,152.3463037782309,164.7462342559502,R2_5h_#1,2_5_1_0004.csv,3,0.32697460580150645,0.17302539419849355
289,1178,36,0,10.073,3.58124865572293,24.049278472731384,16.352665025857107,458.9302938520555,5.769053915095441,151.0463349741429,152.12470614794444,156.26794608490457,R2_5h_#1,2_5_1_0006.csv,3,0.03440616735862744,0.46559383264137255
290,1179,37,3,1.421,1.3450923362612195,1.274250806551462,41.3446650258571,7.3972938520555545,0.0,151.0463349741429,152.12470614794444,156.26794608490457,R2_5h_#1,2_5_1_0006.csv,3,0.8482356059881782,0.34823560598817815
291,1180,38,5,1.792,1.5105115902122073,1.8045578464401832,38.5056650258571,12.772293852055554,46.387053915095436,151.0463349741429,152.12470614794444,156.26794608490457,R2_5h_#1,2_5_1_0006.csv,3,0.7509203928638224,0.2509203928638224
292,1181,39,7,0.989,1.1221559204241969,0.7398748035330203,32.453665025857106,408.6872938520556,209.98205391509543,151.0463349741429,152.12470614794444,156.26794608490457,R2_5h_#1,2_5_1_0006.csv,3,0.07356756241453148,0.4264324375854685
293,1182,40,9,3.461,2.099209866670886,4.843576899031957,15.542665025857104,473.0892938520556,0.0,151.0463349741429,152.12470614794444,156.26794608490457,R2_5h_#1,2_5_1_0006.csv,3,0.0318085314385679,0.4681914685614321
294,1183,41,10,1.607,1.430418102650203,1.5324545939725842,25.107665025857102,76.76029385205555,288.57805391509544,151.0463349741429,152.12470614794444,156.26794608490457,R2_5h_#1,2_5_1_0006.csv,3,0.24647264264859073,0.2535273573514093
295,1184,42,14,2.472,1.774104888270511,2.923724855869802,48.578665025857106,13.275293852055569,587.5820539150955,151.0463349741429,152.12470614794444,156.26794608490457,R2_5h_#1,2_5_1_0006.csv,3,0.7853768118826745,0.2853768118826745
296,1185,43,15,4.449,2.3800509941021724,7.059231248507043,35.8566650258571,1.7222938520555715,12.913053915095446,151.0463349741429,152.12470614794444,156.26794608490457,R2_5h_#1,2_5_1_0006.csv,3,0.9541686650327116,0.4541686650327116
297,1186,44,17,1.298,1.2855601615895855,1.1124380598288546,39.953665025857106,0.30429385205556514,0.0,151.0463349741429,152.12470614794444,156.26794608490457,R2_5h_#1,2_5_1_0006.csv,3,0.992441398905037,0.492441398905037
298,1187,45,18,1.483,1.3741230821299255,1.35854968719912,7.786665025857104,330.79229385205554,69.94005391509543,151.0463349741429,152.12470614794444,156.26794608490457,R2_5h_#1,2_5_1_0006.csv,3,0.02299807717426669,0.4770019228257333
299,1188,46,19,1.112,1.1898917487509109,0.8821064164073417,4.731665025857097,385.9312938520556,0.0,151.0463349741429,152.12470614794444,156.26794608490457,R2_5h_#1,2_5_1_0006.csv,3,0.012111885497022011,0.487888114502978
300,1189,47,20,1.36,1.3159049284959083,1.1930871351696235,38.68066502585711,0.0,0.0,151.0463349741429,152.12470614794444,156.26794608490457,R2_5h_#1,2_5_1_0006.csv,3,1.0,0.5
301,1190,48,21,1.73,1.4841510746523858,1.711720906099085,46.84666502585711,3.696293852055561,0.0,151.0463349741429,152.12470614794444,156.26794608490457,R2_5h_#1,2_5_1_0006.csv,3,0.9268682733635754,0.42686827336357536
303,1192,50,25,5.067,2.539981254492456,8.580056677675513,27.709665025857106,13.497293852055577,1594.8300539150955,151.0463349741429,152.12470614794444,156.26794608490457,R2_5h_#1,2_5_1_0006.csv,3,0.6724511048717489,0.17245110487174886
304,1193,51,27,1.112,1.1898917487509109,0.8821064164073417,26.953665025857106,12.264293852055573,381.0650539150954,151.0463349741429,152.12470614794444,156.26794608490457,R2_5h_#1,2_5_1_0006.csv,3,0.6872786294096822,0.1872786294096822
306,1195,53,31,1.669,1.4577505960084485,1.6219904964920668,33.2496650258571,0.5422938520555647,65.73205391509543,151.0463349741429,152.12470614794444,156.26794608490457,R2_5h_#1,2_5_1_0006.csv,3,0.9839519853224602,0.4839519853224602
307,1196,54,33,1.298,1.2855601615895855,1.1124380598288546,13.715665025857106,381.39929385205556,0.0,151.0463349741429,152.12470614794444,156.26794608490457,R2_5h_#1,2_5_1_0006.csv,3,0.034713099865437226,0.46528690013456275
308,1197,55,34,0.68,0.9304852983362556,0.4218200019124359,37.31766502585711,2.1482938520555592,0.0,151.0463349741429,152.12470614794444,156.26794608490457,R2_5h_#1,2_5_1_0006.csv,3,0.945565902536379,0.44556590253637895
311,1200,58,38,1.73,1.4841510746523858,1.711720906099085,25.489665025857107,351.83929385205556,576.8750539150955,151.0463349741429,152.12470614794444,156.26794608490457,R2_5h_#1,2_5_1_0006.csv,3,0.06755289893905138,0.43244710106094864
312,1201,59,0,6.736,2.9285732999766383,13.151246499095093,59.2213667849322,7.65846051330081,114.91338224375366,150.8426332150678,151.9925394866992,155.71061775624636,R2_5h_#1,2_5_1_0007.csv,3,0.8854892301209165,0.3854892301209165
313,1202,60,1,15.079,4.38168678650831,44.04763670250588,8.72336678493221,2.01146051330079,1948.8913822437535,150.8426332150678,151.9925394866992,155.71061775624636,R2_5h_#1,2_5_1_0007.csv,3,0.8126229274660166,0.3126229274660166
314,1203,61,2,5.747,2.7050522478490096,10.36395684559217,35.329366784932205,43.0614605133008,1140.1493822437535,150.8426332150678,151.9925394866992,155.71061775624636,R2_5h_#1,2_5_1_0007.csv,3,0.4506824076562406,0.049317592343759376
315,1204,62,6,0.989,1.1221559204241969,0.7398748035330203,35.53236678493221,59.44546051330079,0.0,150.8426332150678,151.9925394866992,155.71061775624636,R2_5h_#1,2_5_1_0007.csv,3,0.37411223014566963,0.12588776985433037
317,1206,64,12,0.618,0.8870524441352555,0.3654656069837252,34.357366784932196,131.0074605133008,688.6893822437536,150.8426332150678,151.9925394866992,155.71061775624636,R2_5h_#1,2_5_1_0007.csv,3,0.2077670768703988,0.2922329231296012
318,1207,65,13,5.809,2.719604477744248,10.532121607477558,84.39136678493222,823.9434605133008,0.0,150.8426332150678,151.9925394866992,155.71061775624636,R2_5h_#1,2_5_1_0007.csv,3,0.0929077739273164,0.4070922260726836
319,1208,66,14,1.483,1.3741230821299255,1.35854968719912,33.57436678493221,0.7574605133007992,261.4973822437537,150.8426332150678,151.9925394866992,155.71061775624636,R2_5h_#1,2_5_1_0007.csv,3,0.9779370755095292,0.47793707550952924
320,1209,67,15,1.483,1.3741230821299255,1.35854968719912,37.365366784932206,4.674460513300801,158.2063822437536,150.8426332150678,151.9925394866992,155.71061775624636,R2_5h_#1,2_5_1_0007.csv,3,0.8888087603181644,0.38880876031816436
321,1210,68,16,4.449,2.3800509941021724,7.059231248507043,54.490366784932206,1842.618460513301,3.8173822437536273,150.8426332150678,151.9925394866992,155.71061775624636,R2_5h_#1,2_5_1_0007.csv,3,0.028722847103365517,0.47127715289663447
322,1211,69,17,1.978,1.5869681217611626,2.092681963229053,32.595366784932196,1.0384605133008051,5.38338224375363,150.8426332150678,151.9925394866992,155.71061775624636,R2_5h_#1,2_5_1_0007.csv,3,0.9691245214500057,0.4691245214500057
323,1212,70,18,1.73,1.4841510746523858,1.711720906099085,35.51436678493221,324.61446051330086,40.039382243753636,150.8426332150678,151.9925394866992,155.71061775624636,R2_5h_#1,2_5_1_0007.csv,3,0.09861572885283558,0.4013842711471644
324,1213,71,20,2.348,1.729036278115113,2.70651812067619,22.815366784932195,1.6914605133007967,50.52638224375363,150.8426332150678,151.9925394866992,155.71061775624636,R2_5h_#1,2_5_1_0007.csv,3,0.9309800288418911,0.4309800288418911
326,1215,73,23,6.798,2.9420201265643366,13.333235213589573,391.8933667849322,3.689460513300787,27.444382243753637,150.8426332150678,151.9925394866992,155.71061775624636,R2_5h_#1,2_5_1_0007.csv,3,0.9906733552148883,0.4906733552148883
327,1216,74,25,2.287,1.7064286796726422,2.6017349269408885,37.968366784932215,243.3314605133008,24.965382243753623,150.8426332150678,151.9925394866992,155.71061775624636,R2_5h_#1,2_5_1_0007.csv,3,0.13497472483222783,0.36502527516777217
328,1217,75,26,16.315,4.557730046015689,49.572910467163965,30.149366784932198,1.2234605133008074,18.90338224375364,150.8426332150678,151.9925394866992,155.71061775624636,R2_5h_#1,2_5_1_0007.csv,3,0.9610025420511044,0.46100254205110436
329,1218,76,29,1.854,1.5364199022204157,1.8990149991444336,93.4903667849322,0.640460513300809,0.0,150.8426332150678,151.9925394866992,155.71061775624636,R2_5h_#1,2_5_1_0007.csv,3,0.9931960598702522,0.49319605987025217
330,1219,77,30,6.056,2.776821687274166,11.2109547587549,28.25936678493221,14.52746051330081,258.6263822437536,150.8426332150678,151.9925394866992,155.71061775624636,R2_5h_#1,2_5_1_0007.csv,3,0.6604688538357516,0.1604688538357516
331,1220,78,31,1.174,1.2226132771727456,0.956898658267202,27.157366784932208,0.3234605133008017,0.0,150.8426332150678,151.9925394866992,155.71061775624636,R2_5h_#1,2_5_1_0007.csv,3,0.9882295933164429,0.4882295933164429
332,1221,79,5,5.438,2.631326023941126,9.53943394546123,44.464947273969955,4.950678878109784,129.17101291881227,151.00105272603005,152.24232112189023,155.90898708118772,R2_5h_#1,2_5_1_0008.csv,3,0.8998155186200868,0.3998155186200868
333,1222,80,7,38.191,6.973255441540959,177.54373237859386,15.700947273969945,89.09267887810978,2931.1780129188123,151.00105272603005,152.24232112189023,155.90898708118772,R2_5h_#1,2_5_1_0008.csv,3,0.14982731155026785,0.35017268844973215
334,1223,81,20,29.107,6.087707567599349,118.12993611340949,33.726947273969955,12.487678878109762,1931.2290129188123,151.00105272603005,152.24232112189023,155.90898708118772,R2_5h_#1,2_5_1_0008.csv,3,0.7297894645514124,0.22978946455141236
335,1224,82,24,6.983,2.9817833155488747,13.881195261651856,37.91094727396995,2.952678878109765,655.5330129188123,151.00105272603005,152.24232112189023,155.90898708118772,R2_5h_#1,2_5_1_0008.csv,3,0.9277431017227654,0.4277431017227654
336,1225,83,27,9.332,3.4470090559017303,21.44499233978329,59.94594727396995,699.3666788781098,198.10401291881226,151.00105272603005,152.24232112189023,155.90898708118772,R2_5h_#1,2_5_1_0008.csv,3,0.07894764976812542,0.4210523502318746
337,1226,84,29,7.169,3.0212339029287985,14.439483900064369,23.429947273969958,169.17167887810976,897.8930129188122,151.00105272603005,152.24232112189023,155.90898708118772,R2_5h_#1,2_5_1_0008.csv,3,0.12164978947513919,0.37835021052486084
338,1227,85,32,29.787,6.158407774662725,122.29366158925238,23.97394727396994,24.624678878109762,2450.2900129188124,151.00105272603005,152.24232112189023,155.90898708118772,R2_5h_#1,2_5_1_0008.csv,3,0.4933050411538025,0.006694958846197474
339,1228,86,77,5.438,2.631326023941126,9.53943394546123,18.98794727396995,3.121678878109776,969.7500129188124,151.00105272603005,152.24232112189023,155.90898708118772,R2_5h_#1,2_5_1_0008.csv,3,0.8588090609656854,0.35880906096568543
340,1229,87,79,2.225,1.6831393249032407,2.4966566652731403,10.192947273969935,1.1186788781097619,307.7850129188123,151.00105272603005,152.24232112189023,155.90898708118772,R2_5h_#1,2_5_1_0008.csv,3,0.9011036200215928,0.40110362002159283
341,1230,88,83,1.978,1.5869681217611626,2.092681963229053,13.59294727396994,3.2886788781097778,14.372012918812288,151.00105272603005,152.24232112189023,155.90898708118772,R2_5h_#1,2_5_1_0008.csv,3,0.8051918192901913,0.30519181929019135
342,1231,89,0,4.388,2.363678303470651,6.914546930419479,47.71589879020971,2586.2212865407514,190.9465189453042,151.4671012097903,152.7227134592485,160.32148105469577,R2_5h_#1,2_5_1_0009.csv,3,0.018115807414068638,0.48188419258593135
343,1232,90,2,21.629,5.247751719839348,75.66908129893685,55.61889879020973,43.26828654075152,2769.7895189453043,151.4671012097903,152.7227134592485,160.32148105469577,R2_5h_#1,2_5_1_0009.csv,3,0.5624479916589924,0.0624479916589924
345,1234,92,4,8.219,3.2349274826769,17.725245986747623,46.26189879020973,55.9542865407515,2890.6255189453045,151.4671012097903,152.7227134592485,160.32148105469577,R2_5h_#1,2_5_1_0009.csv,3,0.45258878171221506,0.04741121828778494
346,1235,93,5,0.803,1.0111435874406445,0.5412988671432248,56.30189879020972,1679.5082865407514,1.1405189453042226,151.4671012097903,152.7227134592485,160.32148105469577,R2_5h_#1,2_5_1_0009.csv,3,0.03243551585651908,0.4675644841434809
347,1236,94,6,2.287,1.7064286796726422,2.6017349269408885,40.5598987902097,203.33128654075148,1853.759518945304,151.4671012097903,152.7227134592485,160.32148105469577,R2_5h_#1,2_5_1_0009.csv,3,0.16630325829598874,0.33369674170401126
348,1237,95,7,2.534,1.796215189324181,3.0344061931649824,1366.7768987902095,10.277286540751504,72.99551894530424,151.4671012097903,152.7227134592485,160.32148105469577,R2_5h_#1,2_5_1_0009.csv,3,0.9925367595188119,0.49253675951881193
349,1238,96,8,4.944,2.508963194064561,8.269542687636791,62.657898790209714,11.740286540751498,2396.9535189453045,151.4671012097903,152.7227134592485,160.32148105469577,R2_5h_#1,2_5_1_0009.csv,3,0.8421966007836792,0.3421966007836792
