,R1_5h_2krpm,R1_5h_5.2krpm,R1_5h_16krpm,R1_5h_30krpm,R2_5h_2krpm,R2_5h_5.2krpm,R2_5h_16krpm,R2_5h_30krpm,R1_0h_0krpm
0,0.45207078118821165,0.32653122629073184,0.2586302876695863,0.05131270108673852,0.4829506081608717,0.04909939921743145,0.10101249442734256,0.010478253768385293,0.5
1,0.5,0.09456745424755941,0.1943516985474345,0.11983378615566176,0.2522761066290305,0.2501773511544503,0.24519966190040732,0.055243681898835106,0.3685887772399148
2,0.05636205293747265,0.499566423707947,0.2411392544375326,0.1611630328063985,0.20843393715190794,0.48575552121824717,0.01831489652364482,0.07008817061686229,0.3891629255673108
3,0.24566476838722712,0.04383670397076311,0.07535538237790995,0.06953406848917998,0.12027764740992253,0.3832347322698848,0.28560312322420306,0.07399181684027029,0.4939682531949552
4,0.2646962776926802,0.22051894925508725,0.35741262175406185,0.32227376944207803,0.3675878439867754,0.030145166865700734,0.14109768412284918,0.029448033103710913,0.5
5,0.448180636840226,0.3890994706459623,0.46104618632099637,0.1296868835882049,0.05629894590593987,0.2929620040545853,0.12504898112108043,0.034782147729275625,0.3720661273887955
6,0.4165836656282095,0.4660113059581714,0.418934130439219,0.24068842727668982,0.4781125304327635,0.43221222959369177,0.08882452520737594,0.035306876444975765,0.46929201396576936
7,0.18870832850327968,0.4562041411006003,0.04157396354238185,0.276891651056425,0.07253845777007378,0.010246847359097755,0.1116229932058761,0.05173875333662509,0.3867119644778093
8,0.08617219195578929,0.007325940931469155,0.22865375549058986,0.15741913495463056,0.41357407178012706,0.04187924323399639,0.03489482570249941,0.08143953069863358,0.01979151126000539
9,0.17055393566856802,0.35690106048223813,0.3140963604525665,0.3288867408273257,0.460309509296076,0.4294704190461473,0.0480130493480046,0.029651752613801485,0.5
10,0.13671183085599714,0.4585609178140505,0.007482365939820879,0.034534234319984924,0.22056446759093745,0.46862564017207586,0.2714362322548901,0.07402301139163725,0.5
11,0.08247122024096565,0.030631700947404417,0.0024014959548107617,0.24004882003830852,0.45948001578208975,0.39036596981671834,0.12250576041248928,0.04684523551370945,0.23327089601949258
12,0.40777085155839166,0.45158373958446035,0.2561064002573291,0.13772837802615812,0.2109277781810044,0.45148028832482934,0.37612004103188773,0.08845892481966378,0.3227305377799482
13,0.17149810067717908,0.4285536027620082,0.17323761415008188,0.1854847828674997,0.06782252581913284,0.344157387113031,0.19293539121174952,0.035554142820962586,0.4811757243983644
14,0.4332902181205519,0.4454505803982906,0.0867834005889001,0.06760773043032209,0.3841833746848795,0.4332004360255137,0.014982242126731382,0.05067974351024762,0.10976808657558079
15,0.3696423069295834,0.45885125283535433,0.41456597660688266,0.21069706052799092,0.12892129491694282,0.27965830182183593,0.04953029825921207,0.0035695003196593023,0.5
16,0.34424800411851686,0.5,0.16400083814103794,0.12128140599197157,0.2312165175463209,0.33683298937186223,0.36749239088651564,0.002866545614635063,0.44388590962035723
17,0.18907860151987055,0.5,0.4870921078284015,0.21406904970689306,0.4618669583248821,0.4375927736236216,0.09878168525633846,0.023344610279465883,0.15759837869246285
18,0.25740391162458987,0.4337217818560385,0.2345542456183236,0.2912651375221976,0.48369946060322755,0.13502848397175815,0.3016458649510896,0.08372812199536711,0.22576775892291023
19,0.23093663642393703,0.01152386850302356,0.4118084155866859,0.0820874821230465,0.15846924578967958,0.49048004899092834,0.12131391486987309,0.021502402005196264,0.43218483049711887
20,0.4764500875154228,0.5,0.0935839308415427,0.0005096580626826053,0.4877115953358062,0.3629519197287855,0.06422768894092246,0.07387928516936587,0.49637434454210005
21,0.15888392683859864,0.4323474904442123,0.1575238550646657,0.07563154364200231,0.3827353556638425,0.05502555723007918,0.0025906107475895945,0.04071775853383608,0.4369295242313064
22,0.5,0.1445112805696217,0.2647243299689227,0.21256915049001224,0.42836746056749087,0.34568698901999795,0.034386941317933184,0.13475193201678481,0.4896573876807034
23,0.17002498751253758,0.10736301252520664,0.31937436494250815,0.25435080059649307,0.45521795014692057,0.32664526678148254,0.2324473907168062,0.08923049434659247,0.48934003348732547
24,0.4266343439562823,0.3986374893493667,0.37717622682069585,0.19286208146455136,0.08603509910724816,0.42498530467743234,0.12878363942634552,0.009267770372500705,0.5
25,0.04118588606923779,0.017742829378356695,0.2292646675908614,0.20109356047122484,0.4270304033295559,0.0752698586539382,0.1231326932367901,0.11287075183440576,0.46270289338689286
26,0.3222431632675633,0.3469928135484329,0.41237231733312146,0.08732979655936757,0.3934063799615769,0.34868580909005764,0.22911761084838567,0.06234374455178654,0.45964727035352565
27,0.3874450115393975,0.06871623215933709,0.16476525851601165,0.196440990233339,0.17849605767925003,0.2931293005212243,0.07507597005217936,0.020588167768635035,0.4979504040291007
28,0.2028726105917289,0.3352451928926068,0.14496749166654077,0.32056767174132184,0.34937508294418124,0.4475514190429372,0.41318876650320213,0.02602747652803128,0.48501868747079835
29,0.3449453472513926,0.10571496352577647,0.3992468678212254,0.0770446299608305,0.4657867812028073,0.08265341298866213,0.2274659750424518,0.2702731981179257,0.5
30,0.124057169758649,0.35562288243172924,0.1647242158609331,0.09261437740119327,0.2930640173467405,0.11858351836317282,0.15507812959853173,0.029543427404582157,0.3882140121571781
31,0.04471994278741093,0.4301343844447846,0.34323599378559755,0.06927474899029967,0.4733423539888585,0.4731357969487593,0.01718335943933158,0.03830580706354125,0.49821967748095275
32,0.29879812237482894,0.0843228174375168,0.27047433857095304,0.2995914558073851,0.2005387484860991,0.25151180213916124,0.06062986511124596,0.209664134226896,0.5
33,0.4756962751631083,0.18425733635336272,0.35542801433160764,0.39508869600195873,0.2091266629814778,0.3338652530606906,0.18613979089641025,0.05953219039557156,0.44598817539029567
34,0.17864562309617937,0.33088427777359586,0.25978046333148563,0.29426002910337196,0.11756505194354028,0.19812722326160304,0.0529211522502111,0.06102405585020099,0.31021231151423445
35,0.4752785708858531,0.4778403493181548,0.3868003446093159,0.06910420628788572,0.01389255205428297,0.07484270948809973,0.3435576132454041,0.029684289779316697,0.48280468781100905
36,0.29110989663681197,0.11639900284789018,0.34234715434628893,0.04440384527162755,0.49651882543175674,0.4720044698128718,0.0444750488393853,0.1550044373720605,0.44568597400958687
37,0.35938303429595575,0.23379026649092383,0.23035553801884112,0.14150274917497496,0.05256719923224551,0.25638132627281807,0.21539127107321393,0.060954996838336384,0.4358705912329046
38,0.4969658694569181,0.3012276751837907,0.09283636472811069,0.07026490068184721,0.22646521014588883,0.4577740224106528,0.3931192343661155,0.02423436499262821,0.008808354715872546
39,0.26360192064899524,0.37774753989356336,0.4355461941011149,0.17510991890416222,0.4889030779353525,0.0730786737813352,0.07613861184383663,0.05931949294193539,0.11210904590603765
40,0.017224407532721808,0.1428364938128407,0.10839607325680134,0.19317501042503255,0.19595350425874197,0.25625122065099504,0.2861683644919564,0.010305855229262972,0.2779819077018125
41,0.3288170860012112,0.17127394068453383,0.27575279014106624,0.03964018723770357,0.10049909246920807,0.18818328737790474,0.1967235614368551,0.024426639291914132,0.5
42,0.01728000597845669,0.06430689385759869,0.04639499845101552,4.7629471268961776e-05,0.11644502628481401,0.30360064933540826,0.019067243485030916,0.03676830619563343,0.5
43,0.3157320718595248,0.20954866168970543,0.4734071039069956,0.2275739695981528,0.066771692843476,0.4754259542638138,0.5,0.0293459975911593,0.5
44,0.05044318114440377,0.36917821745916557,0.10411576895358488,0.08779526675065563,0.47529614866838954,0.2615198870969456,0.13328621477567792,0.06566906628492952,0.4710450475752449
45,0.1788340464129527,0.44982974980995805,0.0438390402225895,0.329049478776548,0.20641796152453917,0.2866048361828172,0.3835707234000313,0.011816533367272064,0.46690251221587487
46,0.17893789397458493,0.2072794831300011,0.08055597886179816,0.06725051024252615,0.11046877400190591,0.08898242863026756,0.15001463213949562,0.012662487257107724,0.4825911350106523
47,0.37327585876376645,0.04563589043046029,0.18077363778656863,0.3377625483357349,0.08193220948203289,0.11125275264181678,0.20230758868656484,0.009392566061521612,0.28722453045289
48,0.28742015528597775,0.405580520979133,0.19024567370254175,0.28630223690298817,0.41579737166919295,0.38753143465340323,0.0694649683314249,0.03296290451575756,0.42328009044531884
49,0.25034257122129505,0.32747379033723534,0.36006698537274995,0.002097431321428589,0.11574068074154675,0.2557152374799643,0.161303592121804,0.02541911768536409,0.26737861400843654
50,0.3249363500144503,0.5,0.4119622501564023,0.15806760395864283,0.4230921434282495,0.4178859302677018,0.204331281233889,0.001399339355613427,0.44331690647234767
51,0.28823412761375033,0.4226585619124066,0.1864681592593574,0.13489277721231419,0.46554509282492373,0.11685615173430852,0.1660786240221377,0.036731971632701865,0.5
52,0.17708101361188677,0.44550222788927285,0.206915384374189,0.04070948237542904,0.44024308351024444,0.07142251150890433,0.22974849868760083,0.004416854141260529,0.2556677548833119
53,0.455715473882947,0.13371517653788978,0.00894761701278679,0.1773995988033506,0.44703929848498714,0.13582759287256208,0.42223535822532254,0.14214008347667617,0.19104131577231864
54,0.3829988200528087,0.5,0.14979078196997414,0.05634600259688305,0.4208647616349284,0.346336713815394,0.2282605633146172,0.07845807783003,0.35118995951971954
55,0.037970743407020446,0.2118650390842567,0.460861662373084,0.08299769854211281,0.2542906087803788,0.14747657864194197,0.1166351456385134,0.05170145522643055,0.3543608039560131
56,0.0021239800188983526,0.3862922775536436,0.25028826664748305,0.16127117379729394,0.1001364762923766,0.24773472682146386,0.25326163574694804,0.020307751949185937,0.5
57,0.48237619016842953,0.3330125660966631,0.34931978853558954,0.036334611121130345,0.43084821138668444,0.434107376431648,0.07695331888235207,0.06336968238763052,0.28899359334617225
58,0.1892536744679833,0.18983641103302773,0.3994792574849506,0.3649556771983089,0.42801320454941577,0.44959950954507355,0.34169998609963537,0.12556304403898905,0.5
59,0.3874543663960509,0.009140777232293895,0.0007005436398968001,0.23457340428665463,0.12219038099578172,0.27315798616450904,0.10946363042926205,0.02276230145075575,0.06860264319155363
60,0.3564148868209601,0.45353957084579954,0.28868958210113216,0.17795490633350342,0.12732042840893598,0.17951930814184858,0.07600461934612457,0.019078872524493917,0.08434938004706066
61,0.4870655820024155,0.36533723818817,0.12881729668894198,0.09564299470754467,0.3065623911537438,0.49869966661675247,0.05327581480996635,0.03844234142062397,0.5
62,0.3399303008012683,0.20080095829032119,0.04044691629112307,0.0825591573352602,0.36656388415469365,0.2865491240183349,0.169729206194758,0.006896757784861374,0.4604948629761871
63,0.05582858238719751,0.1473827441359722,0.19447205545539803,0.08613518916113794,0.2767245269919536,0.05518350195002797,0.13877704920124223,0.007193419996492811,0.2922102169548937
64,0.4292363068551559,0.10547952523126031,0.394500679221071,0.2196965807644048,0.06318227118273223,0.32879264512117923,0.01218085946927272,0.050889329605181444,0.5
65,0.48914533292531803,0.2851493609198016,0.24169204974173397,0.3746839672697088,0.48095958022167945,0.47885610521970556,0.07566491161773392,0.0737490837761936,0.4836366781197152
66,0.4632513247778534,0.3671375831135536,0.1330882593644298,0.0005411389097151886,0.48393878703604015,0.4199773938825112,0.13190649770760488,0.01239900696123869,0.4643855132978732
67,0.12925311049363425,0.38894984570475577,0.3555100293565201,0.22485300190948188,0.4799821641324784,0.17039438676686725,0.05716510211174097,0.039112937530061787,0.01028520529900745
68,0.19761335649344802,0.0952096505305699,0.4524931870560005,0.09466925701465584,0.5,0.5,0.021993311510628,0.04608666061513167,0.5
69,0.3867154849054769,0.36648231069860426,0.18210032738125181,0.05521091725394378,0.36112334668030466,0.3630143064043644,0.3529014081051397,0.04098466444225807,0.4860877503885248
70,0.37369170150566,0.097624773241203,0.09172178839708783,0.0011787673514122576,0.18066388008977197,0.31392901632880954,0.08784191910949196,0.13406447052479425,0.4692810146228831
71,0.19286276779891526,0.4979121123199848,0.25636383809647934,0.009589792013326437,0.18505962853832003,0.14169321940086627,0.07988607474701459,0.04904189014126753,0.4881662190906101
72,0.392840957813739,0.3036257312231989,0.16100976385916943,0.0010448626549622864,0.47568314068279915,0.2906541722871041,0.04066026441353071,0.020736121969842647,0.3527814215798758
73,0.3549410821427732,0.3460430266967516,0.1090299037682636,0.2145468320220374,0.23435152590699515,0.016255591455877072,0.08922561176026322,0.02577362033816899,0.05180041467291763
74,0.4349332217757844,0.3222489936506484,0.32118097038191484,0.2348488785889679,0.22257083293290691,0.0008140151692885844,0.04832481239750119,0.05561080256268136,0.030061293121725174
75,0.4141438310571482,0.052344820249003166,0.12986367333093707,0.19156142629559136,0.26964918549679007,0.5,0.2654912274599359,0.05405964047513073,0.5
76,0.0849704643931376,0.4634690553862268,0.027945842651561748,0.037214773951214586,0.20215233727822807,0.09857499105031509,0.43334086548231915,0.20219040990131099,0.37267889187156955
77,0.047575408538508945,0.41072549178428075,0.07970297612259186,0.13750499852707304,0.3926996359773718,0.1551668986725796,0.15745593140596736,0.024121233084514637,0.44245211155893605
78,0.3561030695666437,0.3428702564127215,0.3006280246036053,0.06310031541046557,0.47394045307573834,0.05158800271588948,0.22068580841735275,0.052278219897816114,0.4968266813279578
79,0.2836855702253712,0.25926814991925495,0.17466912872332224,0.0569166188377056,0.43256905277369484,0.44047668114085503,0.15611692095374247,0.09287269235426071,0.4984613310770805
80,0.1189655748235417,0.16148486992776867,0.21938496265759377,0.13782107287598788,0.05338376385733695,0.3080104132198036,0.008279331906663745,0.09812821287724782,0.35831876748469627
81,0.16041722389323687,0.3724494038559041,0.3998244195090396,0.39541606527715023,0.13480879807897883,0.4727023116851572,0.007130237402685591,0.20268742698876074,0.4683688513608466
82,0.29235356576769256,0.44417025612367667,0.22209359906813864,0.25379042758523906,0.29191214342690014,0.01609106990238529,0.4550733734066613,0.09186116496934538,0.44984253196163315
83,0.3170020771646731,0.42378783410077137,0.3089217117603533,0.16211586999465516,0.48877240131174027,0.18771806755958353,0.1547522980574756,0.08751988382724041,0.5
84,0.0807067029852439,0.35540786761092547,0.11844728004868049,0.18521647190219392,0.42791587187586033,0.21631947487530928,0.12688545830321202,0.11290309680600363,0.4739332791772951
85,0.04659438623654899,0.1443070166958489,0.2770326984104081,0.1808242702145897,0.06954544203050556,0.2741907369835239,0.03041268902361982,0.028605136633307493,0.4813065407886311
86,0.16669956412956943,0.14384203836831888,0.47250080863340116,0.40954145475112946,0.4879093343390628,0.3215278891831421,0.10106892426675274,0.05511763612657289,0.22166573344273877
87,0.04722429760668945,0.33298639209421976,0.06498614883180276,0.43366347458702437,0.17285416880810828,0.12291086935255979,0.0023286448318108888,0.048722807301224025,0.4746008206832071
88,0.47917639278844226,0.12147446312629129,0.15171347055428153,0.3554818458740129,0.4917349486269916,0.39325040934840483,0.11108251803827618,0.03951249157502834,0.30655891708461935
89,0.37462348750168284,0.4777320594758566,0.019481242318531655,0.060134538716029196,0.43098403837155064,0.38107078682027695,0.11688908831672418,0.09566852271080023,0.45059067498088134
90,0.2485130190942978,0.09619340838141294,0.12428206366923855,0.02070440989946798,0.3219753811454248,0.36279464273230866,0.125713720753877,0.05948521843448884,0.49362075358510293
91,0.3068759854310432,0.4882368988958386,0.36880099435485425,0.15479754450370764,0.27027547909315863,0.07059999482238166,0.021153410597937627,0.2496754164041438,0.5
92,0.007061926284285869,0.17891871385021468,0.20784726859328495,0.3960776004890251,0.1799884498486667,0.3455742137477413,0.1731589474795573,0.02305052344131031,0.2418313427559905
93,0.08611210307809425,0.22704065108214844,0.21524988964983005,0.20067002514844295,0.19772501976044587,0.22297922917661173,0.3867658517597907,0.12496931260281985,0.20647819553583746
94,0.28362922976727617,0.4959508613479884,0.03795787790625643,0.07830885448763286,0.4244123609512086,0.39748987435170735,0.05667325982616489,0.23147385719110725,0.5
95,0.214186760804154,0.4542066430122772,0.43753264972005557,0.12403216155968222,0.01360350831082835,0.2475315367183149,0.023196383983162705,0.03273265582410295,0.3861991478801863
96,0.15267002288424503,0.4881766667833378,0.2557203422969081,0.02513570953092975,0.3566177568344634,0.4955416391247396,0.22554123554013816,0.036684865218508556,0.4616215268389322
97,0.36655014755739357,0.25130455239497196,0.3462613479045553,0.1146957445241753,0.3673661444899309,0.44297069980358506,0.10917774195935609,0.07454296467637067,0.41718215749352405
98,0.38122528750260887,0.3532066030848935,0.18177436282195114,0.035586163800711,0.3770050795186073,0.3523923324254655,0.06104531903786664,0.08259817406348557,0.5
99,0.4000564522783334,0.49747570753839265,0.19896353672829947,0.11117887298726353,0.16862508201130855,0.22208716760764935,0.3075477981843381,0.04481074165777371,0.4499423539811813
100,0.20150118181527538,0.4923438843442831,0.16023091369895937,0.0900101716077426,0.063101313246889,0.3237161961132299,0.2987172905822869,0.11684716119479333,0.49949308325019126
101,0.2716415349632305,0.01940718707962319,0.3289954813430004,0.3493805223599703,0.4152869052800602,0.3595866288934886,0.0962059809050464,0.05843182133830338,0.4631311628277458
102,0.14279712533046152,0.15584366306166575,0.35146029725132544,0.38641193928703693,0.044150554442027645,0.3572132135753834,0.1467541184695232,0.04144685801605186,0.5
103,0.11126759658703056,0.3624733880297517,0.22251635882719611,0.1683820372758411,0.49915903137181494,0.2824130588542315,0.20681191074705507,0.007092815548760845,0.5
104,0.10872024443600187,0.393063353846113,0.3845524490324098,0.01945010705071365,0.43405954211550335,0.1449296257966468,0.27373539035141115,0.011717793540648058,0.5
105,0.15857238172940952,0.49917465045389053,0.10464741537755051,0.09082680303863955,0.2566778385231818,0.4825435237196519,0.038805226964652606,0.018227177823256557,0.28925872156957744
106,0.24234117982401626,0.4704327356022159,0.48428810330367994,0.07135210137441206,0.485680995080205,0.27791495217268203,0.13830063082276467,0.091675588245961,0.5
107,0.4377040749884811,0.49299005613258495,0.1922693375411868,0.007796679225047898,0.28545136300306295,0.22537079720932474,0.2091021541378255,0.006144243495920687,0.4233956832615715
108,0.2999921786010996,0.48745076169188367,0.31098765601732103,0.3486426725672385,0.4085369027814899,0.46660573507885983,0.1667245023840393,0.04514636442672215,0.493021910500979
109,0.08776939509090442,0.26558495445976316,0.10536009281303155,0.15316889339776069,0.49727310146823067,0.1713375450308764,0.420463696627721,0.08306131198479849,0.22757620671308526
110,0.18551749341030255,0.476625825117412,0.2058473903456849,0.012440336267000585,0.17111954491131676,0.2562236033090479,0.09310058073467381,0.10354540471650886,0.49931667746915837
111,0.22823805842179423,0.2725514296769337,0.14468907243826268,0.13813335188697623,0.47846025917328827,0.43475071208906657,0.009867574667299706,0.16398154168328083,0.44273623569527754
112,0.008543338492772612,0.13627482052080908,0.28541154166862714,0.06528142887027988,0.35543355868167636,0.2149955789319269,0.28365753561546303,0.06990576423296058,0.49970363850905125
113,0.38139422872005097,0.4063799444424925,0.34194602832382653,0.03537013531361666,0.35774162401483167,0.1454615987841768,0.182823788938769,0.01927789508323291,0.46957635967793454
114,0.3013168815157308,0.3024120703884189,0.09169007368866755,0.10626012631842607,0.264776428279597,0.2005072741681091,0.0671673744684988,0.24787566169479736,0.5
115,0.32882281976747296,0.37433329574216034,0.04217319606911685,0.18108965261139603,0.4032186313928292,0.35077930474146757,0.01265785821970622,0.041423952646235385,0.456238200696758
116,0.06054027068386825,0.3838312738064858,0.2501227342297355,0.09361439905266067,0.09722515909379548,0.020021179979333947,0.14470261280840258,0.036379066010565064,0.40609812522206656
117,0.49794658009959203,0.4511477688736366,0.4038516316241523,0.1508688951387986,0.27635941483061566,0.4770606914902818,0.1309176114422787,0.08271217994397329,0.5
118,0.4727958093652874,0.48905783130263214,0.30203833824119186,0.03385855690809303,0.16870326268055413,0.42500578737276673,0.25012020516254224,0.053420882315521556,0.16054569171749689
119,0.04187300951243622,0.22012556169647657,0.2502627838135465,0.3404305064235974,0.3660283051483074,0.12519284344044274,0.20324740268120278,0.0038507621582370977,0.349521221014251
120,0.49136800751509985,0.4279807570268498,0.4512827560586964,0.16372835527732893,0.3374340805236641,0.280683130292704,0.3452160323047476,0.09047465174684122,0.5
121,0.32989063127259954,0.46983701876025064,0.052042743282152526,0.4318180214941395,0.39505379150374564,0.00671469385238932,0.16097562606129345,0.03986003621201939,0.18121511469648682
122,0.4094829143845723,0.31595567587468754,0.3994995964103911,0.1388460500228637,0.4902213303141114,0.21951121375075522,0.43334565257476876,0.04438621676209997,0.5
123,0.4922195404241143,0.1425337392217415,0.2688860707671571,0.4389301552648147,0.46364545188099127,0.3850637680130504,0.09760346057553992,0.010201871691895403,0.4108948456634406
124,0.49002593165579544,0.49447325708272594,0.49502081710729484,0.033439010521190415,0.4889467843675041,0.06577725313062155,0.3172754772872712,0.033846585561449594,0.48183796760835484
125,0.16785016466797564,0.3248987348408867,0.3684491296141529,0.39795439589231574,0.31584117199691564,0.3942924853438785,0.029387688741697948,0.08613372399557517,0.4986183910480212
126,0.4244463701838214,0.5,0.4183053061373846,0.058107045495207454,0.2675598086633716,0.44611568784440603,0.12114257818801105,0.09426769184868761,0.4737322025041912
127,0.4796326336003923,0.45713746989773796,0.02811173007290646,0.09644341883756491,0.41734474205938865,0.25460919297917406,0.27612430892156115,0.073756089004967,0.4863061632583263
128,0.027601420896783968,0.08127577916186546,0.05909382774585975,0.023109494754395832,0.3447722244188628,0.46224720896652405,0.0743779097855567,0.03342967894326887,0.4544236335388754
129,0.49208762322721544,0.49040455932883564,0.10695631520024285,0.06108477222587266,0.23131286365602288,0.43038728411285365,0.0721330943526231,0.16858543510225943,0.5
130,0.48653916423917803,0.4750544809082784,0.2277602709849746,0.15362245941570596,0.44282920542662885,0.48904486550543713,0.42190338829125673,0.044038141908734674,0.4824141755582454
131,0.1129616835076197,0.4091481362085798,0.38344000788120935,0.19094101220935916,0.22678142648497668,0.20637178381046262,0.051116409178219024,0.0951619471027188,0.4990745953928305
132,0.29097305042749255,0.49893901293581067,0.07873484728029645,0.0475046548732001,0.33385064894087957,0.13506470704801998,0.4482547355121145,0.09774610144168272,0.48442482222716127
133,0.4982991861800885,0.4712464182429066,0.4218196718199815,0.11833670509022615,0.46541102796435785,0.2120448896955599,0.03401321088072462,0.34107777105849935,0.4157010674309459
134,0.4973749849942477,0.4877088600815749,0.11912760488160506,0.12875073032372014,0.3075390247872878,0.06753207205219769,0.3783457257444822,0.001662727924118923,0.4500704823524776
135,0.23105296181529872,0.4776603529935789,0.42347869556398665,0.012199906040085529,0.18179377225226157,0.47048514400093555,0.39967222639222555,0.23712065499711354,0.009495597995040406
136,0.4928524189756054,0.47407993951657856,0.36728307840728525,0.15909205899815493,0.46774364867832063,0.29815726728661884,0.08176269831746019,0.06665292713705262,0.5
137,0.13836837582276107,0.47762507959232636,0.06902470211042777,0.2807824071630549,0.1420633073112869,0.23948698697445536,0.028073806218197217,0.02653703835765786,0.49546713525642627
138,0.4886556804957115,0.0610674254171909,0.01961140620248547,0.34154568882758773,0.20756268485926826,0.2209751916389633,0.007637947878330276,0.06665689366090444,0.4617993194803287
139,0.10470509638839753,0.17771033034337097,0.059107543209238944,0.10012225440102696,0.17114221748002667,0.11654529233166877,0.08653260168662491,0.008415778036746424,0.31265689594774115
140,0.4906282558907792,0.11949919654988184,0.372149724112563,0.3038475562135877,0.2818188635317411,0.3554423582855203,0.1976594129027151,0.02346415827731524,0.005305230417100959
141,0.4922669191144187,0.09755887132855179,0.3441117221735084,0.33899715560057586,0.2437116999482246,0.26042078105763067,0.24385902639120627,0.0725871609390184,0.4880079253305092
142,0.48929468266784476,0.307027288317789,0.008000733810344718,0.10887332618516798,0.4515831684423026,0.15165583338708788,0.41802485122889643,0.04360583029746934,0.31835397900732687
143,0.4710915509168192,0.47257080680617386,0.39061097024264946,0.08405977571599565,0.01380348959615485,0.05223840444497485,0.029172321220227726,0.076482659008271,0.5
144,0.10021810450662533,0.22486015582771868,0.48362634081965183,0.020164886777215396,0.5,0.4236987974654908,0.030900816393897856,0.18335027263561088,0.5
145,0.47105854568599204,0.48542213293427017,0.4095121061973319,0.048647455449060184,0.3835780593596375,0.2030138609657044,0.18597939158954507,0.04319845295396341,0.5
146,0.49927516240522707,0.03859828980322033,0.4859281958958132,0.043289368600071154,0.24169165173326912,0.27034026814722767,0.08977917200444407,0.007786569989571612,0.40852794663674025
147,0.48567438838416155,0.3589603794066505,0.3238677091586749,0.017411942338659503,0.2629278463079908,0.3773729805147358,0.23454897297743232,0.022770489592860765,0.3528652697643606
148,0.4814250074222807,0.08273754256789101,0.11379927109676469,0.21301734727775445,0.07080498766157572,0.14434690261602234,0.1882587023408822,0.09775307079363726,0.496587223936235
149,0.4869266382633748,0.332439990209464,0.02990019322176657,0.310831654019071,0.15111657340294493,0.23802006292331934,0.264599683371631,0.03534118778224171,0.5
150,0.4773593397100567,0.42133095650384067,0.3550118493416323,0.487038153610448,0.4449839149058351,0.30690234550706075,0.08624687819061394,0.010509248012927963,0.5
151,0.4702919814284585,0.15235189816450956,0.0755199870100412,0.36469752564614,0.3003278762996854,0.276041087659084,0.037645104187520984,0.01924181788337509,0.4985634721219387
152,0.0755054842175501,0.374813873765351,0.14024133175823883,0.037914866207847786,0.32034301069398363,0.5,0.036175685945478486,0.15264806782256535,0.2890662833973273
153,0.4171934319362405,0.06275731849393984,0.20848797053125134,0.09770216318489955,0.21553153971473465,0.044701305793672375,0.1630565038651538,0.125018418173372,0.5
154,0.027340649009931606,0.04795512489722653,0.36478786102625876,0.10308058989194313,0.30364079217942586,0.0004804466803301488,0.04604969694439742,0.13328205047840036,0.3919558120537341
155,0.4646148817597176,0.49219370712318844,0.3143483951838114,0.16789224698940747,0.11500628144453007,0.42997961562767495,0.04338906520758268,0.12080337614466796,0.05639211965000135
156,0.4975967851577833,0.07227617258304264,0.1809376172161401,0.42742082562684824,0.36386567518375623,0.2160978563885223,0.16475026852411856,0.13717080082128552,0.23665467961166198
157,0.38708392710821626,0.4870724969979778,0.17951623045721798,0.39627441151034987,0.21199725861199403,0.45158466600364444,0.03970399884124082,0.07773504100555245,0.1069175280837733
158,0.42468191770733266,0.24690184393670778,0.33303968316545063,0.09617563225439618,0.2564927111320118,0.39889477223968917,0.11582460168660846,0.15021734158469896,0.5
159,0.325879969499942,0.3398346030747449,0.3737236295424001,0.0618148664341831,0.16497969344032237,0.46165456570704855,0.24078944570186245,0.04339843638370888,0.5
160,0.09329929561201045,0.43243694064985166,0.05152927969502996,0.22363071931783107,0.03177961589086031,0.07064907714704438,0.23732697254116608,0.09815558179122952,0.5
161,0.48534477761063355,0.24459292209143468,0.44227112172988303,0.09341634724717429,0.121085586454174,0.26941456713954737,0.2034149901878392,0.1485032014245491,0.5
162,0.4931561347985763,0.47927297715954253,0.26603709646596674,0.09624454343816169,0.16803413493072517,0.17337623585843864,0.3768608135143571,0.021653741556177275,0.5
163,0.4953408322594206,0.35937190951982934,0.245334446416406,0.021572058702942987,0.10259591771801102,0.11784400712841636,0.2924761357525453,0.0545129920546541,0.5
164,0.29134800253115245,0.30871561676187964,0.01915552393009079,0.07328804893587809,0.24152227635259482,0.3011110321878566,0.050462245238929726,0.031111041445818888,0.47487653604324664
165,0.2647325702879517,0.27233093500583505,0.2198150309585919,0.21870508672223554,0.4931475261943642,0.08055839622450889,0.062388460453780215,0.11173589521120819,0.47521597427568185
166,0.3826696630019931,0.2782687494025322,0.2616233559522774,0.25396101546153604,0.3913252646765305,0.3833724750430957,0.2045073820878377,0.06723663279801562,0.5
167,0.3218301856155902,0.4840331185901584,0.29750826670298947,0.31222853501409176,0.10657134146836977,0.16871960490094418,0.01148536198541128,0.02645038754619644,0.23100147715206698
168,0.49484550897477586,0.4692545296257513,0.30901108353480533,0.005785668114812514,0.4994136562201028,0.3140205356205894,0.19909492551964086,0.07079121870233407,0.5
169,0.3062934042173966,0.46096076513643003,0.4223226251442206,0.2637899835726077,0.14578237892954582,0.07270732525264101,0.04628952671240627,0.14231717792735066,0.49947775661870075
170,0.4984934006434649,0.05087450198944499,0.01215961702357965,0.021319465229303558,0.2066938563652695,0.006664921196029683,0.13279129334523798,0.04774658055391878,0.5
171,0.024810441761606183,0.4394172183548297,0.44991307433089844,0.27484413293716836,0.0566333152940246,0.011021232637468126,0.17221628730490524,0.011673261609337182,0.5
172,0.4834741285233935,0.22780486666386146,0.08337323082647652,0.23930516927687884,0.3733089736236074,0.33565992951702994,0.1189489584156378,0.06347402924770595,0.15022355330827752
173,0.32145348565149146,0.12829222697060294,0.45367291051822023,0.09321666054423894,0.12255412565119772,0.2386107478574354,0.24894854382092702,0.03623762859138613,0.5
174,0.486302510481455,0.4487770485724938,0.23394270290043084,0.31357352222115886,0.34704662923249685,0.26049775785437623,0.0014456650312453245,0.21083764494795376,0.49812860983975304
175,0.46341939748463695,0.035370974753425766,0.11645884296427994,0.031242815902099097,0.44181511591400174,0.3072549632324221,0.301878914648508,0.12840856296282077,0.4806788100560659
176,0.4742901603736771,0.09557911091302357,0.4535299423294072,0.10310644028837135,0.5,0.2544589817888168,0.38768508103849525,0.13055528307005804,0.5
177,0.2043463597148535,0.2946779061109158,0.04436708625436531,0.3357920094316719,0.40993060791265645,0.19100294867184409,0.291542676807688,0.1118755000234194,0.439549655121544
178,0.4303906256297617,0.19563352204648765,0.0951026091048206,0.13307373007512102,0.3922966530698969,0.30657768026648236,0.13693737263152683,0.0576533225930409,0.2146838051528761
179,0.3377795613077076,0.4878112465028239,0.2881049269421384,0.16054052295520638,0.22238089316726806,0.08666141864626209,0.04278371232368339,0.050271779707267594,0.5
180,0.5,0.1680082189406782,0.07196491874173738,0.21291836385104768,0.4854562089763711,0.28125988975810357,0.18824267102685222,0.10538602366314742,0.18758857802303142
181,0.4929295479885176,0.22600812168638934,0.010161914160742302,0.353984104491736,0.09052189321460613,0.2902312597698561,0.03170437238797852,0.05723618710993039,0.5
182,0.4983429890346389,0.3145819725168103,0.06721433610786753,0.06547653107961537,0.3603571844294423,0.4494657572729115,0.06802769122353103,0.008526481044967893,0.5
183,0.16890507591253834,0.4790037375094156,0.29611629371962567,0.08304123216739667,0.16460940500559995,0.15378527634526706,0.07348463431608965,0.13360468473093956,0.5
184,0.4572315250792925,0.25553656797546165,0.04638512006812745,0.1644281631116078,0.2630096824718859,0.2313924018752101,0.1859217728026722,0.0959794161089167,0.06112620113089695
185,0.4975613611794939,0.09077574103993091,0.35271600277572435,0.03849354898879359,0.10886785571817803,0.03408626508339996,0.4195565356332114,0.10229554062156776,0.23894380986285302
186,0.33720881512065726,0.26274238128061567,0.43902673372941126,0.18395601124431527,0.4700031836949101,0.3195349454581399,0.23788378477773853,0.14041616909171584,0.46909302852849544
187,0.3789146266532791,0.2204478621361663,0.12847068921384996,0.383324488048453,0.3767255329735076,0.37769454656110146,0.07312835659897043,0.14316194859757014,0.5
188,0.42240213552412964,0.1864097232707168,0.19745716827995574,0.16536579544397123,0.37025429806040144,0.3816855225400575,0.07758169202438725,0.022275351154635525,0.5
189,0.392095563342842,0.34639036473066065,0.20822450845200768,0.018316779838915054,0.45046184618106533,0.41123651995278376,0.15052431060403837,0.09283953269949086,0.16194334440747105
190,0.4973426687770274,0.44082151032966804,0.4728188520940616,0.030123548014784896,0.4588538537683122,0.26845285874240277,0.16086625432810642,0.06505091471161362,0.5
191,0.48626242709052075,0.4944640601672935,0.05979205082105121,0.38847387162892016,0.16920750896873238,0.20361430175493245,0.29380623446004006,0.1458037535422927,0.5
192,0.4907894673169892,0.365969730494648,0.14363796647274873,0.038758031033041096,0.3929022188902451,0.17139257366206395,0.27276729545226175,0.06536378624940159,0.2102469589704098
193,0.4799807429283329,0.5,0.015550709418786446,0.027662367240630092,0.43478196011507175,0.001183706491311609,0.37861997271059034,0.08098384572939954,0.15506557279709676
194,0.4964342706671294,0.1911140520353563,0.39035170235986627,0.37996879347082146,0.3281389754029381,0.4164012741675276,0.14893751948289802,0.12163770625255577,0.29851134215661856
195,0.26903259343910707,0.2949249608892597,0.070585739014275,0.08627521568001506,0.21430035152259985,0.040935361934916425,0.1932906192755583,0.068853678521,0.01954428799741459
196,0.019557873005933923,0.05540975160202066,0.40865946780044005,0.2757525561429671,0.3173397990609751,0.2035827363566085,0.357886230975794,0.2604570912626336,0.4980278435437222
197,0.47739122901829945,0.4765109145924462,0.2691803365256187,0.07796896637970296,0.016188921471894213,0.2923790051917716,0.04572607576790122,0.1654750699640345,0.4941232621692932
198,0.4252919470636458,0.4901732601006652,0.4332355644703131,0.03968068188001839,0.46404594643568675,0.3421368497651961,0.00831815340981118,0.2587074216059144,0.4984607734967259
199,0.46845442752533817,0.49118515287596265,0.19353870575728144,0.0521321443158036,0.4517454230522435,0.43349404869528085,0.2791311360096508,0.09772641615697603,0.4999082105246904
200,0.4923481915293868,0.48703023709221843,0.03629400308737163,0.11981602064948804,0.4826375977722729,0.11966204408375314,0.07623525377191698,0.1595740343429607,0.49081889054133787
201,0.483433947318925,0.1631226689023097,0.3815138267761745,0.33157038885171297,0.1954730314682962,0.41093839388897885,0.015786195611387555,0.04658098296148827,0.4860782600407739
202,0.4721997480179857,0.1070270282443283,0.35034003544023506,0.12035218780893553,0.1657873331202776,0.0740855681389635,0.17777351393679147,0.07942369775716052,0.5
203,0.2841495976742122,0.2452585446514065,0.2536482644917417,0.21744383274744084,0.49631721716510435,0.08473104128127085,0.41373160771826756,0.07866837239360935,0.4901463901380668
204,0.4898286580698278,0.30795153053374363,0.14251560409173025,0.1791118598162198,0.4756961874372855,0.3872693178077866,0.09360724530161224,0.1473562978554096,0.49973484906254173
205,0.15447124415579616,0.023891630153250243,0.42988463393654097,0.022506540594183666,0.05845836900206913,0.38121192411647253,0.20312416613906392,0.07269610468022358,0.5
206,0.13013401060079122,0.1874877794797577,0.3152351838793854,0.2364525251798858,0.0007677582567847119,0.4672582128221381,0.09744708285018244,0.10708972952899898,0.023442056883910822
207,0.45664304828687086,0.10864562193764848,0.36833510189396745,0.1765577636647797,0.48543105131368286,0.1776860740435896,0.12219399162286826,0.015761509991789158,0.41171334995348363
208,0.09233855963599841,0.5,0.07559711161751792,0.12249672571431247,0.2911404524193081,0.42909717082026066,0.10937121330257815,0.04953953714362214,0.4989061223195852
209,0.48509794581604027,0.4317685070448344,0.3057312831229242,0.03564853088216602,0.5,0.22577331284785906,0.2692290582216748,0.1428294410313934,0.4693815603969584
210,0.4240933655732942,0.4842262381041294,0.4724880854539097,0.05002215767806639,0.15602894843553838,0.23661514750537366,0.2700338923217308,0.04908856734978839,0.5
211,0.478328820485609,0.2383578525709379,0.19377401997373478,0.23461537432418667,0.27254702447417367,0.3820373158693249,0.4473454403879279,0.22618010400838984,0.1874679203643207
212,0.49930606604373406,0.20841881940930873,0.07399365527256796,0.3395517154436304,0.27514669070238296,0.34918541933835257,0.199403420328795,0.10176633668011792,0.5
213,0.4255924287503638,0.28809491109885377,0.04274596595053182,0.2115111791348817,0.04317075384051611,0.4308245317383891,0.21715433750791868,0.10503046046411213,0.19162203878382666
214,0.16922287158388333,0.24174419817855874,0.3700061330799593,0.048627883902667424,0.4530830991404546,0.3784632440820268,0.11226558960921484,0.09779958405043665,0.49883484423871477
215,0.402330829313032,0.22942475336360446,0.14935840039904763,0.18792006466188294,0.3732700446851247,0.42271795861541606,0.15132522423576633,0.06756768608153274,0.3753328707036818
216,0.4161904199758217,0.3020960789861308,0.08642734287226495,0.11458395288691536,0.23074630897109516,0.388835417337158,0.05626702800976424,0.12539281699729665,0.22646834757905226
217,0.4797712917145717,0.4921859356550137,0.19320681712390736,0.15655794973674186,0.4950659773049978,0.12841473560906297,0.015779145851299692,0.025256663016892444,0.4980277755508842
218,0.43547804077860125,0.320907247111083,0.2571696414753709,0.03671270552524264,0.3332958130461261,0.4609630353791899,0.12249996786772777,0.10889532226444631,0.08904548854159422
219,0.3073395821101674,0.3866706317078349,0.4668471895076143,0.3091419006225562,0.48528990165482544,0.4515145643707089,0.010379328217899775,0.05322143252701517,0.09017739992005935
220,0.39834731683452873,0.053860191858755124,0.10583613757739391,0.38123612062097467,0.18221821383168813,0.2425136291358989,0.2509901722978075,0.09367412375601847,0.5
221,0.4508415907251659,0.0562582436068515,0.16404458871122674,0.12325691374687692,0.4724578313294817,0.4791329496271056,0.22605426030460707,0.06542916200230176,0.05537380946168735
222,0.08259051231606951,0.4161756726146473,0.4116677919766686,0.08747109914986495,0.46294436226952546,0.4918791189147861,0.0868641375383421,0.11178127237026425,0.5
223,0.31193890641589017,0.4811006106570813,0.2327444075441173,0.35801528105321123,0.17302539419849355,0.14256869105552616,0.010543507029258548,0.02874542674563285,0.3017675646183038
224,0.01801407572021957,0.41629351431126904,0.43752544938997606,0.23883298600846858,0.46559383264137255,0.13497841234927954,0.03314359727083638,0.19602818716809012,0.5
225,0.4976958604021262,0.47229555627606656,0.12536546260589787,0.1646363109829141,0.34823560598817815,0.24979431740422964,0.14812501274354428,0.05000322665962165,0.45715886207965284
226,0.4711807896640416,0.209837424925705,0.10969178944874125,0.06317708304941172,0.2509203928638224,0.5,0.3229690073414818,0.07227460548584269,0.4701259990801394
227,0.2979270994144356,0.06153724472772293,0.25957344749044853,0.3278790275544855,0.4264324375854685,0.458547222917561,0.16592860494884676,0.009292868878638783,0.48929141622290884
228,0.21168612482340232,0.2600206849203569,0.13656539615060337,0.22295490494859704,0.4681914685614321,0.019826010372218317,0.30251824602933797,0.010489206003045648,0.5
229,0.37325648250334753,0.5,0.3573469994069589,0.317887154745517,0.2535273573514093,0.20372195574185165,0.16816817673269036,0.08189098521188964,0.4866412784263844
230,0.4488811751068462,0.22352085108951492,0.44225214104869015,0.030372512386573347,0.2853768118826745,0.37907355916128727,0.15895544705122577,0.03975345386651252,0.495725484444822
231,0.25870823130753207,0.37378491475572073,0.49137247458795397,0.04003739205258888,0.4541686650327116,0.12242758227736955,0.05201679911180834,0.03343353362161694,0.5
232,0.0843864749375332,0.33324548960507117,0.31592357203382504,0.33706618979383907,0.492441398905037,0.3864137182922598,0.15663954151164383,0.04113780643604825,0.5
233,0.14856159647320127,0.2756178652705791,0.45383770256512734,0.19521676798791754,0.4770019228257333,0.2826823772121776,0.08036404160082578,0.08302042657488551,0.39466892841914614
234,0.0950671429825315,0.4784070459435321,0.4268569113016866,0.06127222944508287,0.487888114502978,0.05288274593812714,0.14148036031682887,0.09150633255448493,0.5
235,0.4876726653911269,0.2847835209419015,0.07890056288238256,0.20186159027900846,0.5,0.3937106474491002,0.09403135732720225,0.07653143441280652,0.5
236,0.43713993469620077,0.057095642669590996,0.45495882294505446,0.2093227230802538,0.42686827336357536,0.43231370619487386,0.12467610305819932,0.04424643882686685,0.42698036885950463
237,0.23249087328940765,0.052833302870518684,0.36443011331508546,0.26007055050611405,0.17245110487174886,0.12424532620626083,0.14386815168405898,0.12089357417785451,0.25965036841041944
238,0.46233961969878756,0.3778924411562449,0.14110930443463698,0.2606206063232671,0.1872786294096822,0.2596156822678102,0.033855210223367904,0.021611583876066875,0.015548213619322904
239,0.16190080828707543,0.07631757447302323,0.19817269462887976,0.3315786496138321,0.4839519853224602,0.21584563907070903,0.10720467114437127,0.09699864981288597,0.41955628020469327
240,0.02390335355026374,0.23444042813512045,0.3244205181661953,0.02447622943214056,0.46528690013456275,0.0212304773315653,0.19075778039700153,0.08060705047008332,0.4989608236361821
241,0.036879210914215366,0.47898879100598135,0.17167039169738663,0.1604549170756946,0.44556590253637895,0.2139088649257942,0.24056197496026466,0.005526058657941424,0.19424298479264884
242,0.25221803610724514,0.031137979575277752,0.487168151049943,0.23318695442178716,0.43244710106094864,0.45712749684395954,0.18972199612254514,0.019047924805185912,0.5
243,0.1412434299023707,0.487183378873989,0.4260032704985759,0.31681763867530705,0.3854892301209165,0.3665871746623804,0.1468881284141471,0.012991820124972131,0.49767601823323077
244,0.45111692687059946,0.18030875066309016,0.017275682730569952,0.024432261705624292,0.3126229274660166,0.3518988146102541,0.24741755757005213,0.07361941698335317,0.21414310651827495
245,0.14104034937378818,0.5,0.45341180336402986,0.17200834269942017,0.049317592343759376,0.08910829169644074,0.14545421934511749,0.03902497125875881,0.4596273857589973
246,0.14962164040203063,0.2523157646133144,0.2999437705009028,0.28326542454905385,0.12588776985433037,0.4532790507237272,0.22982189674236964,0.05722991856081483,0.4933786651118424
247,0.49466355109679183,0.14528941245144555,0.47735825843871704,0.24433628952442876,0.2922329231296012,0.463868184567228,0.3322655762587694,0.13016851325094225,0.5
248,0.19115685006671446,0.014219065080608106,0.0504941936805926,0.10862428125069001,0.4070922260726836,0.05948000436717471,0.019273614133714978,0.20397156185797227,0.4085405906761803
249,0.4933713275701403,0.34117450453472975,0.34947113358827886,0.06789847517567338,0.47793707550952924,0.44605100850425894,0.23029400227150065,0.11356299128588265,0.1265337077482354
250,0.2178360732049236,0.5,0.25197003292080644,0.06499149847129626,0.38880876031816436,0.09590624760302024,0.18271598864965466,0.003905613802284824,0.3825545198550563
251,0.0867915386146505,0.1583702264533665,0.36976707164636025,0.2987240716656149,0.47127715289663447,0.25967909276352596,0.26485851299853047,0.07803192331907127,0.06190542108191821
252,0.3996919869384334,0.021653067588836117,0.4380188906795207,0.11156601241862074,0.4691245214500057,0.33535525188448534,0.1801701262230957,0.12898915741926797,0.22582207820413303
253,0.5,0.18867841256408602,0.061055373560297554,0.20258529940609715,0.4013842711471644,0.23577613345036486,0.3966039363445595,0.12381780907201834,0.48007143877050906
254,0.48836969272412617,0.4109066039309355,0.1575272404920024,0.34313267749672227,0.4309800288418911,0.07450179238798571,0.025390799181816914,0.15214500984306445,0.4920412327564042
255,0.5,0.34427691121604176,0.25166853540974626,0.2175477594211841,0.4906733552148883,0.4641736390021408,0.2760807623730268,0.14849672101326467,0.49938035450775153
256,0.49509728099258143,0.4558399090944266,0.35008197573480115,0.2866430286756617,0.36502527516777217,0.3524724457210787,0.3339655424051582,0.11660366667706135,0.1842462689537141
257,0.4318596948477694,0.23242709034046244,0.19919357932980147,0.2213621767213808,0.46100254205110436,0.26015934765381754,0.16119307071982703,0.09698939918303062,0.48961123701817755
258,0.056936942896061604,0.10813963233830559,0.48752993724725346,0.32915836337018645,0.49319605987025217,0.30564481670677157,0.07419815016312858,0.1720367227202666,0.27509534296898025
259,0.34458258654572993,0.4135726918542957,0.13715185252009876,0.21923379388098285,0.1604688538357516,0.46774216133245544,0.16324030233320996,0.18256443115083265,0.48866826596383206
260,0.22427355943682498,0.5,0.2744563092912925,0.24047048481015199,0.4882295933164429,0.3341718592479006,0.0635885853211432,0.026431489173076916,0.5
261,0.4362357773032424,0.1888743821286747,0.15597093318535182,0.15001722978048726,0.3998155186200868,0.35387608831364414,0.07681639968466158,0.07232093255770367,0.5
262,0.06052831395674402,0.2264128938842922,0.4313136426117862,0.25337625431134214,0.35017268844973215,0.3992931264177718,0.030239146945447937,0.00038250506210629753,0.5
263,0.14783348823007714,0.4581464723686999,0.4373376306863619,0.1035531202908504,0.22978946455141236,0.45368273824886407,0.22147830319603923,0.08348540781944724,0.45544959775479166
264,0.06943456584043683,0.5,0.3762958647941772,0.26003541634518634,0.4277431017227654,0.4314027068935828,0.0684104224800266,0.004991109276901107,0.2108181033838316
265,0.5,0.3358053443014296,0.014813623929754549,0.3329316505979102,0.4210523502318746,0.15404189161199278,0.0697912577200539,0.34738238072762906,0.4996038537112126
266,0.41346890923004515,0.41096241032157577,0.06272998873634339,0.22663786190391,0.37835021052486084,0.48752816422130507,0.17692744117009562,0.04331051206151604,0.49901842128199486
267,0.5,0.4003662504997896,0.23210116962150307,0.3835304132501258,0.006694958846197474,0.49888427352950293,0.07675786227354253,0.0989385776776513,0.27663049285255725
268,0.18944520526054454,0.3146298535144013,0.3114597035126099,0.2660253542575045,0.35880906096568543,0.0033017862314251856,0.11628562203302878,0.040665764313217556,0.5
269,0.20842909801618176,0.5,0.08891315614283735,0.11123152589439023,0.40110362002159283,0.38337494520142723,0.2667899669595849,0.1057209531837634,0.4105972362955089
270,0.47836922708650387,0.3528290802058939,0.08691179172839658,0.2580332584526521,0.30519181929019135,0.026300195264944592,0.10141442383882104,0.33197886406138566,0.1283069419053165
271,0.4962758507563682,0.4107599073557564,0.12291501496552992,0.11840471466354885,0.48188419258593135,0.36772464805605853,0.15786680414293597,0.029973209947790735,0.3165917929507269
272,0.420721976587358,0.06371036651431544,0.09874268787836626,0.08120220122096233,0.0624479916589924,0.37157674219613523,0.13873624115872585,0.10100295157532668,0.49469712275830824
273,0.1770412244324306,0.31585829051897313,0.17614608637255724,0.25461141376009755,0.04741121828778494,0.06034155391606766,0.3334475657495098,0.10177411184517882,0.32897394764883914
274,0.1265700784920405,0.041698687351889974,0.19250440278233283,0.2798373476045527,0.4675644841434809,0.39338091630581573,0.08690225392305745,0.04482269849833748,0.14268597107777575
275,0.5,0.390725999856261,0.24348361848348243,0.1487929313404941,0.33369674170401126,0.377376234730466,0.11108730288820634,0.09123322101033582,0.4671904215023269
276,0.23775031649756717,0.10857522004496717,0.33064005521980144,0.050759072129054505,0.49253675951881193,0.16317611262953058,0.0061185187117572815,0.27211343464406734,0.5
277,0.1638381909302774,0.49793396873155504,0.29554761908569505,0.30099067450254957,0.3421966007836792,0.2444917237486115,0.2883578989153962,0.058434861445075925,0.05301063230459757
278,0.16336776063811742,0.4168283247167826,0.24685982241635207,0.0696714497563885,,0.4865203239210506,0.07546109255143918,0.12078094707292919,0.4994882204974994
279,0.017703236354375984,0.40946146902253033,0.06965606124535384,0.26730952954860887,,0.050448098399297536,0.36651052342242174,0.026638481915584267,0.5
280,0.2973782099169241,0.2706638290132872,0.16148529877598305,0.3074231523635208,,0.018199165572492015,0.17328883517626692,0.06767914413179388,0.5
281,0.41837624180862654,0.2856231727808377,0.11912190629032654,0.058715299925490405,,0.19822448475317955,0.005783749516136361,0.08904188328847773,0.46157552223862264
282,0.450098906150702,0.317816646703066,0.03583309565886572,0.332530160426047,,0.2484231474100672,0.1584788843877305,0.03410923731059623,0.39497121984004324
283,0.2487006801391915,0.5,0.23585917926380706,0.030302974756628465,,0.17765959440807966,0.2482281528044088,0.05595297131109567,0.5
284,0.054530311760783934,0.46943552936414096,0.021906614775314304,0.22400884761921958,,0.2140631731947389,0.19623234286100844,0.25341719780837624,0.4166028744258684
285,0.34430576149492986,0.4365588001052221,0.30673942873601023,0.015303185695942467,,0.3839278673270029,0.13083625185880077,0.026228644776926324,0.14250637371606106
286,0.005838488370027761,0.05565116432490591,0.05323982637204416,0.13408411701009026,,0.3438060646874429,0.25497517012908977,0.09737720796304017,0.2469059161465561
287,0.010108356710874289,0.5,0.2872345983884471,0.12070805940422191,,0.03452292645986432,0.3213116796855847,0.029594624415016146,0.028366447335505918
288,0.42704726277767013,0.4871867480212868,0.11032508409920627,0.08745299974972687,,0.4329102945906909,0.1896682199461865,0.1773629210048011,0.49781837383691707
289,0.3163518841185287,0.5,0.0008642818778109573,0.061504647264711054,,0.03444590780037915,0.08759242279801815,0.00837047483637976,0.37119872547114385
290,0.4229365001756539,0.18795399897471,0.151176424208602,0.04431876344690455,,0.3181471796416018,0.05890859497466239,0.1861022012867699,0.311354026262625
291,0.4068145113417738,0.47924281512931777,0.03623688140071607,0.24940152682023037,,0.008430670569132492,0.024757422626907888,0.08916643274400082,0.48690603653797315
292,0.24172959770055963,0.24698772064050456,0.306928585716705,0.3507475916320552,,0.19375235645842892,0.4624990686896081,0.05897582576351934,0.29494335448101433
293,0.4359761370491062,0.03620706634567167,0.1651969559921289,0.4412144127826455,,0.21235565357883346,0.1568066370140212,0.01793534513888806,0.48988494949373984
294,0.47565031347931025,0.20589097839779502,0.15932116215358766,0.33991188469155276,,0.3504345995218461,0.15081737258887729,0.03594818796846999,0.20557952379926914
295,0.27053038159435094,0.03541842081679136,0.20262838416201256,0.017771543980289795,,0.4967465683968342,0.048238932619642294,0.08207793860549373,0.34938623759249365
296,0.3359304255682335,0.04192162860466664,0.1845813169812731,0.08013395534800699,,0.3483080183257943,0.022858652083924458,0.030094624232947287,0.41231040924252593
297,0.34369989525123223,0.3496202773326512,0.31442974403298357,0.3068232489133189,,0.5,0.16179677027443629,0.06257049105628898,0.22789223435741035
298,0.3273335358099543,0.2703727692985407,0.166806651848452,0.023018868545827686,,0.3331403505857906,0.3935037538481566,0.06166781075917527,0.5
299,0.49949085710140295,0.34655125299194,0.2686883844859186,0.072781387894707,,0.004117615970504418,0.09299868653022358,0.048865149116256834,0.006301498371058534
300,0.11015559410039255,0.1564894824428259,0.07970718231661722,0.2827540251519981,,0.18321159005819038,0.022805762712731936,0.09975171122226789,0.5
301,0.01840470031737762,0.21135456804682362,0.04502404875563065,0.14398133045803418,,0.4471875365152763,0.07455336617014174,0.04819216823500627,0.5
302,0.2064774602420495,0.05849746369095504,0.06703734431217095,0.2117673283025875,,0.13760310171003165,0.11425427303612645,0.046507189230794777,0.5
303,0.1282653714187097,0.4716254663479382,0.1376604253567985,0.0194963033421659,,0.2528695142906112,0.0689735632919467,0.13659447269060532,0.4940607747877557
304,0.3505271954155897,0.009217676060834068,0.2779122329731272,0.2567123257857169,,0.38411521955911176,0.20282346115411742,0.10194206058465471,0.20965692354800602
305,0.47579149946569055,0.49822590567177805,0.20362598878355442,0.07168026905249858,,0.2864683437404455,0.13734588609692977,0.0826015684505298,0.5
306,0.3595755056870331,0.38807299889017055,0.31300420044417054,0.023637416933338318,,0.4380963681370177,0.24857300580676556,0.1564360407302623,0.3886037559296267
307,0.3971432041053688,0.07207378104687268,0.1595916334290972,0.14757770849123353,,0.4078208904535625,0.026537210089494945,0.07195713095002221,0.4987147731084729
308,0.36474577037952405,0.21013337561220968,0.26134628149949335,0.1865668794141777,,0.4135494681874641,0.18890552679227068,0.14217436454849697,0.035066704510687
309,0.3754968521664469,0.20626389269014345,0.21732626160874802,0.11560679689177156,,0.04461938548085487,0.013251682872644333,0.005778275592203785,0.3653935151981885
310,0.4469153063633294,0.0688640774365884,0.3122662478797812,0.12601263546502428,,0.006762229616615045,0.1316256498595445,0.047548584441613806,0.1913862332159526
311,0.49620846339643687,0.3719151619007748,0.18035034379622028,0.19769700662307343,,0.45705140053636484,0.11047889869113336,0.1183280046326356,0.4867144273480062
312,0.42349363934448647,0.3653010137985037,0.23191102263084062,0.12300871410118164,,0.0457670591272713,0.28811077444767175,0.14512046059263273,0.1401954234824313
313,0.42527324508226194,0.4726937766789489,0.3616189537941419,0.10878313123823635,,0.15801544320537358,0.12078625457689207,0.16338034573071936,0.27057597835876884
314,0.04156232062300169,0.4427951779322067,0.22683331766225845,0.04084366250972793,,0.004079895527599575,0.3250906370404656,0.06753520667289115,0.03513614984589053
315,0.34172764038516923,0.18284270816028725,0.2669057448104549,0.03458692941135516,,0.22687124095213945,0.157875093522159,0.013863073969922701,0.41274212964707957
316,0.49930624519506717,0.4669580821691041,0.1294589644748435,0.027587665634698166,,0.061113052730559114,0.4078848089315926,0.028052666131884507,0.2410069352451535
317,0.40531236478248023,0.1866312516075629,0.3553492640508974,0.11558154382013575,,0.34466503466025256,0.19592081658417954,0.21611279797062422,
318,0.050186640216305256,0.1286533428847395,0.493528610722045,0.23468433681095324,,0.24856603023893598,0.10719588209982478,0.07699360574944336,
319,0.49626481561845903,0.07064255996784341,0.2468863665358993,0.3746539155192231,,0.16330063894385227,0.010336459516287255,0.1144734337072385,
320,0.39726140498584184,0.06504856463590697,0.18550946521631556,0.03118224268292874,,,0.39491605129283847,0.14906517952311993,
321,0.4863630093848491,0.4291383148651594,0.3798716335546348,0.08875542367235001,,,0.34283544702076935,0.0861420598363829,
322,0.4692888225077043,0.07593577531577611,0.24999075766981915,0.4258254316620137,,,0.006588156189827443,0.06836872135344252,
323,0.4488215207116531,0.4245257250402701,0.3760195774507401,0.09611859177716908,,,0.19061494470333684,0.11105702005310414,
324,0.3076431323688964,0.18125260666213588,0.05504425220838238,0.12868739128304596,,,0.2901890236421474,0.1261374015583837,
325,0.5,0.1014450530502165,0.37800869454860286,0.23429400234740116,,,0.31839923779795554,0.1494618895582367,
326,0.36701782847660047,0.43875464879158954,0.16375613453913862,0.14642688949815696,,,0.15520677917213477,0.06507223069463342,
327,0.21606756688339163,0.10985539147171464,0.24668792595751987,0.44061980849413684,,,0.3248977860155974,0.12456987848386625,
328,0.42540485414859286,0.2619906548226433,0.3148647113514039,0.38521853750157076,,,0.24495104484686625,0.1930875391446485,
329,0.26896623240825546,0.3289081359209949,0.13395508320188565,0.12859878133141966,,,0.24786833856616847,0.012020097597526869,
330,0.42500199706819486,0.27957334439294934,0.2724295491962252,0.20892905772764586,,,0.489077626227279,0.12413922110715325,
331,0.48379763907905093,0.3813864185392807,0.3979700258709106,0.35409917135725055,,,0.01790123894186224,0.27182819796259694,
332,0.3864060432240497,0.4815883942032566,0.3307540558004852,0.045570460332874485,,,0.03555143240823677,0.11368248994027708,
333,0.058952190000423066,0.46738436864340116,0.09922047909689047,0.4046631449425728,,,0.10653863380033068,0.005869703927145309,
334,0.3984670271191656,0.06608798043239844,0.008740763835117349,0.24381043798246815,,,0.025519027384391824,0.05562281962393434,
335,0.2972088872693892,0.23614248328130882,0.15477580030632643,0.2552032976812951,,,0.3509123545803657,0.009100828435203323,
336,0.3943252799405761,0.03308446805802179,0.253107902657725,0.1961013812215069,,,0.275363239174925,0.06048181673730613,
337,0.2194446825446809,0.3994355410972078,0.3266717644459104,0.2646120572859283,,,0.08704300155940059,0.1301343407696629,
338,0.46795141551499353,0.023680149500011793,0.2277623448645415,0.19013673462939995,,,0.06605754256720853,0.07239035705783514,
339,0.12207704771637357,0.09147292198576606,0.10893494291017691,0.10468258539827524,,,0.3887701599309874,0.11371273818362981,
340,0.13971980996996353,0.04811388157517926,0.3443930852430663,0.40617962854471135,,,0.0873302502267519,0.16700257504835025,
341,0.48617893364821807,0.10804578773531764,0.2896253363056419,0.01917960352812137,,,0.2452246696664876,0.06501062681925429,
342,0.4893029180382077,0.03869687958452217,0.2755986629829651,0.11869249653533492,,,0.2855523123221447,0.13562091340403437,
343,0.4927778329653597,0.3093118300369987,0.006726936597443833,0.23178876329976755,,,0.011343712781930582,0.11749864891466744,
344,0.1704105490394971,0.23827864416132483,0.2604914187681069,0.06634133113051854,,,0.29521904550025,0.07181172242758083,
345,0.2720262658476795,0.3258381258698735,0.25280296532058105,0.19554326306347553,,,0.34154569376433663,0.1278306807765388,
346,0.24024547490249254,0.4446903270004247,0.0537355822752667,0.06256814095132912,,,0.45959068912226003,0.07938896529941764,
347,0.4151872839289914,0.14233779497137133,0.2733072626186249,0.10199953956478025,,,0.2719775327870858,0.004697676520505734,
348,0.36357844192740985,0.27401533490299257,0.19261079539375248,0.4442798372449793,,,0.0517701190260057,0.08724569544820471,
349,0.42628401931372095,0.4940400037447602,0.40834310723376865,0.08385636450394929,,,0.16252688788730274,0.09750713263249577,
350,0.21957031339533795,0.026493410795843997,0.4942678007363245,0.06587779858450338,,,0.27234282894612905,0.08948831185831929,
351,0.47190358862906634,0.5,0.4657123571744819,0.20512496010634396,,,0.46144383589812776,0.06604187322677102,
352,0.4665678279318556,0.07453868636054772,0.20438074526729666,0.13825939681529176,,,0.022959242622150655,0.10084291526108757,
353,0.4985724880625677,0.3934317015208556,0.34395730754539733,0.13940896534391134,,,0.40972612244258466,0.10658391201082029,
354,0.13578402645294185,0.25429637109083125,0.09459673047713629,0.34218142396668827,,,0.1520264422137626,0.11823473275016283,
355,0.48337462192989095,0.4010955545515429,0.22755815933772933,0.034667423672225084,,,0.010197097940640054,0.11395722335523717,
356,0.1684681585214135,0.48313727767327397,0.35712908096758883,0.0160072964079927,,,0.009316375487993578,0.05957791282523861,
357,0.4668856022151183,0.04854477437886301,0.2608283996697722,0.025648174043906458,,,0.0739663715094015,0.006111482881523744,
358,0.48160899313282823,0.4707002141928761,0.35396517427681085,0.3327240870950883,,,0.3220092075090295,0.08750533461512766,
359,0.18365039147751727,0.32772966473321086,0.04008141702801005,0.09238087277639323,,,0.05826201206185294,0.006525514925187104,
360,0.05951505222320569,0.08326656427707069,0.08432150471942124,0.3750459806629045,,,0.2590351888919942,0.09035968510929537,
361,0.3985372780865151,0.21035776067437906,0.44524586084808593,0.006333292616003017,,,0.4147237789851915,0.018778382574632713,
362,0.48480317615386814,0.37587956824573454,0.16210761244754723,0.21745709806827002,,,0.060972996592858486,0.09596614969108519,
363,0.35277735865711435,0.25663336429649364,0.2340572152305379,0.0588226978892713,,,0.10640951791474679,0.020648696150083523,
364,0.4848804746799618,0.2497065812525313,0.22524101614146763,0.056979956487143935,,,0.13173496494155756,0.12176084547740584,
365,,0.3980157955157896,0.07038987857592721,0.016019504541224916,,,0.20395824267337215,0.08870948343467455,
366,,0.011983252920777732,0.13365848941578906,0.08072061266662145,,,0.3387378903237095,0.12874845510192834,
367,,0.1467085119983651,0.10439983001554032,0.2921460773415042,,,0.228922035789696,0.015087733797408243,
368,,0.4935729135153749,0.32788516122219313,0.009767861230143282,,,0.09919765617323995,0.19654945378729582,
369,,0.3013897890147716,0.300643955385299,0.14647751368608408,,,0.02949513923430258,0.1539883956161303,
370,,0.1096801850294572,0.2769126825082946,0.05575802640397787,,,0.056064080004848915,0.06754319838262002,
371,,0.2208624886633594,0.2180001709569453,0.33826597815614146,,,0.4318764509246412,0.15983115829520023,
372,,0.20699047451251573,,0.2522525705421562,,,0.01675104583200926,0.1338733155008377,
373,,0.4520283088582306,,0.20903174856665574,,,0.4741962521439519,0.08123696795722168,
374,,0.47946540977590657,,0.21772633459358914,,,0.1934239446932733,0.00504615734955427,
375,,0.4112463634057406,,0.08116088410542932,,,0.20429740792184692,0.052474054634340794,
376,,0.08111456873714695,,0.2447082929276606,,,0.014137565401361352,0.012534367157952253,
377,,0.21298419216921893,,0.31245733077053633,,,0.09437765703803946,0.043034526087868175,
378,,0.3379809470512419,,0.1279232918487505,,,0.05872382800124276,0.08018104489376532,
379,,0.42541288593624504,,0.18691024342885937,,,0.19563243457835777,0.09629393020807109,
380,,0.42913898855499577,,0.1780269308753727,,,0.04564525947736786,0.04595799214380569,
381,,0.413074215863482,,0.15498822482668817,,,0.017198848196536387,0.07877786310523449,
382,,0.06948982204736154,,0.26456342112377207,,,0.31503156302093505,0.014844676993913342,
383,,0.4639842718010144,,0.08089924548943261,,,0.09118803165994571,0.04850591044024799,
384,,0.036176656150563535,,0.38767156729746965,,,0.009499027519033032,0.007416109191978881,
385,,0.1274430751159869,,0.2722403039966488,,,0.1897948470732862,0.0731080752867811,
386,,0.07603738054003462,,0.27096394495621223,,,0.06260828627297554,0.11985113320255991,
387,,0.013429624553333852,,0.17047993190776545,,,0.08137246000012166,0.036404394977175625,
388,,0.44320584810414193,,0.012078483381281924,,,0.11948791987402452,0.06485818682645372,
389,,0.055570171115213784,,0.021692567543297958,,,0.011936498067243007,0.0961989275688867,
390,,0.16720456285017748,,0.23357037252252644,,,0.1708995664719667,0.026966810359738913,
391,,0.3409872109696889,,0.23320655267294343,,,0.04674929654595622,0.04458500008975008,
392,,0.12992529140866116,,0.12407951513210469,,,0.15706773168144572,0.08140778491058875,
393,,0.23054381147390046,,0.12435791121862083,,,0.023504954760720342,0.05804812653495184,
394,,0.16760860519809861,,0.014250461848398954,,,0.0075308155944167066,0.052381099481153603,
395,,0.2629772644140451,,0.4859519764441691,,,0.1342793212968323,0.1336497543355314,
396,,0.48740347766570324,,0.1636409008880857,,,0.42417296791940257,0.02105827331129162,
397,,0.14689139931663142,,0.12113989532309682,,,0.10401791879198774,0.002139491223556722,
398,,0.48153104584417095,,0.28471936695709466,,,0.12637354314255833,0.1373048895131183,
399,,0.42707935452981693,,0.1467501402122458,,,0.20247921458298945,0.04502942935803306,
400,,0.11214475911280941,,0.1531914916233853,,,0.20654814976591274,0.00998761763802869,
401,,0.44275903697842267,,0.33893694209242153,,,0.031998934590198314,0.07496152475435325,
402,,0.0013094570263405547,,0.0368332743430263,,,0.2104844415032583,0.017968508142979123,
403,,,,0.39062572190910516,,,0.41186877286573853,0.02211010089522114,
404,,,,0.14934943519551913,,,0.06199676719785463,0.07378491027031858,
405,,,,0.2636149806549286,,,0.04922691829028808,0.010097013101293406,
406,,,,0.25279674962680243,,,0.22884389819723627,0.02176131124796532,
407,,,,0.21776584391311582,,,0.12965805842354244,0.0349884479699335,
408,,,,0.24013271784978174,,,0.42329288872939663,0.1507678921611223,
409,,,,0.07159893058892386,,,0.22250769080558452,0.04679717218549928,
410,,,,0.4294825739556765,,,0.1728803518544676,0.04319195849686741,
411,,,,0.1579941926451579,,,0.012186823792282864,0.002768303906988012,
412,,,,0.11751472558544684,,,0.2615491536787632,0.04972599612817691,
413,,,,0.39235904449245074,,,0.45596039609518735,0.01474136952223154,
414,,,,0.2368050434578175,,,0.013074178108091195,0.04732590303986772,
415,,,,0.19026176088938923,,,0.4459726258037505,0.11752852082690068,
416,,,,0.44086342602539497,,,0.4096235089473507,0.28962578952576656,
417,,,,0.10196011140965566,,,0.21269278579232687,0.007275687277064957,
418,,,,0.039706794923279,,,0.3101227139336946,0.028828671724079102,
419,,,,0.3496211703141625,,,0.021645956458346327,0.11358236593541443,
420,,,,0.2720584320847398,,,0.014098988409592228,0.11138814278785181,
421,,,,0.00018643847153165805,,,0.24932202631604866,0.000916238839817618,
422,,,,0.11320321085998608,,,0.13596182308384852,0.01442537416907802,
423,,,,0.11519149824511893,,,0.04624312593148161,0.05828579885633822,
424,,,,0.030913734520423952,,,0.22294210211106547,0.002863362558958693,
425,,,,0.16588747441269147,,,0.18197650338832733,0.004610279719777677,
426,,,,0.06325497871048946,,,0.1801217553266108,0.049353163009409284,
427,,,,0.1759946314227121,,,0.1605555918192917,0.05600612728824761,
428,,,,0.17934293512243438,,,0.02910363138004901,0.0469240043210688,
429,,,,0.1945804319060811,,,0.07653229532089478,0.1213640315186919,
430,,,,0.0012466235555000926,,,0.28359004500457463,0.005689725258420486,
431,,,,0.03499386450331954,,,0.3195157907279278,0.029921515892182782,
432,,,,0.4661129566312615,,,0.00799847780279539,0.06809115628079798,
433,,,,0.06500073747497503,,,0.38574591204581343,0.03539213676873765,
434,,,,0.17444422307894725,,,0.0036965077173262695,0.06964832080811512,
435,,,,0.2685698100615628,,,0.0781745410359187,0.004228704973012087,
436,,,,0.3055208491633402,,,0.03671416887586565,0.14613447613021296,
437,,,,0.06765048395236462,,,0.24896379680475167,0.05094736421519941,
438,,,,0.19004097784003737,,,0.28236676366505786,0.12652547428112765,
439,,,,0.20432087581432457,,,0.21972981819584758,0.007211686911748005,
440,,,,0.08120344724505102,,,0.09062724881650608,0.10651829487968645,
441,,,,0.28081462347845654,,,0.031232155374121606,0.07986939097719781,
442,,,,0.3100683851822782,,,0.3551892592870076,0.03728116863848746,
443,,,,0.30721422769755924,,,0.0795073288010486,0.06108240487623651,
444,,,,0.22586618139350328,,,0.08899342912784125,0.06650857917099234,
445,,,,0.44960818701971816,,,0.13603777906115855,0.14091316367045065,
446,,,,0.10607195559955818,,,0.11221233727525504,0.09266695999578667,
447,,,,0.4124499662937954,,,0.21441729378175745,0.03339801935030051,
448,,,,0.0040961498881553204,,,0.0766104471725989,0.1151565908731873,
449,,,,0.09012236473050506,,,0.1046838541502394,0.024889034405851218,
450,,,,0.10233726434051704,,,,0.12984293269283875,
451,,,,0.21271920388748644,,,,0.09065428356983574,
452,,,,0.052657499907865724,,,,0.012092070937025468,
453,,,,0.18674754645168334,,,,0.038539854202180646,
454,,,,0.10926729129137247,,,,0.05737370754734611,
455,,,,0.17278796772097083,,,,0.02317935877539462,
456,,,,0.20558202244654522,,,,0.02586379230467889,
457,,,,0.02314742611021281,,,,0.04599974849483168,
458,,,,0.3408987393977263,,,,0.008765998190398028,
459,,,,0.27610616149575995,,,,0.10426253685371134,
460,,,,0.4268109009512032,,,,0.07117869854344328,
461,,,,0.09703604216602113,,,,0.036875382611602725,
462,,,,0.44764854902891116,,,,0.14940161681368563,
463,,,,0.02748256948225125,,,,0.04764700356139728,
464,,,,0.18228877607442406,,,,0.03855793182780881,
465,,,,0.18176294395841752,,,,0.03627279503027164,
466,,,,0.36760285854739194,,,,0.03348886420838432,
467,,,,0.14740707366368244,,,,0.2743641605070183,
468,,,,0.24646155473154197,,,,0.045672425011335394,
469,,,,0.02056943580376902,,,,0.010784268381110185,
470,,,,0.03255558313777973,,,,0.08155457191751087,
471,,,,0.1935368480712354,,,,0.0024239165542891405,
472,,,,0.03367026434505904,,,,0.007361893465420821,
473,,,,0.26213621900723183,,,,0.010107375036203514,
474,,,,0.11040765804783104,,,,0.02305882202863646,
475,,,,0.1600539595187529,,,,0.0773538800931719,
476,,,,0.17651363479709797,,,,0.030192156438607287,
477,,,,0.23885558857330974,,,,0.00839443239697274,
478,,,,0.1639945107747589,,,,0.008391788994012384,
479,,,,0.1726716087679716,,,,0.04139832631079721,
480,,,,0.13983170845033188,,,,0.03713063872059197,
481,,,,0.09370939394421174,,,,0.026276867354748767,
482,,,,0.17280351395886284,,,,0.13768979478256205,
483,,,,0.08270902160412319,,,,0.05511000018905371,
484,,,,0.2759927719833143,,,,0.0814049677913603,
485,,,,0.14685294136333293,,,,0.046336736905517706,
486,,,,0.12853612739007358,,,,0.10044875347297233,
487,,,,0.09571057671931577,,,,0.038123224003570044,
488,,,,0.15652552999109814,,,,0.007434500425324897,
489,,,,0.11737907907531753,,,,0.02064236048688095,
490,,,,0.3429195456818427,,,,0.12512080290702682,
491,,,,0.09470201934686212,,,,0.015146476741125181,
492,,,,0.28863753268335757,,,,0.003649187271935972,
493,,,,0.09412523089620461,,,,0.26143719184013503,
494,,,,0.026580686445438095,,,,0.042643529849408224,
495,,,,0.03259000473522711,,,,0.04563143531541569,
496,,,,0.2738250563749586,,,,0.113402433192059,
497,,,,0.11903802194365953,,,,0.04165489736189437,
498,,,,0.15865754103951196,,,,0.025525132480955337,
499,,,,0.09749892292231466,,,,0.047169363785855456,
500,,,,0.16591483079643465,,,,0.06112879540022198,
501,,,,0.3565463614269062,,,,0.09878919050074991,
502,,,,0.24070681020999019,,,,0.00441051471453946,
503,,,,0.11044911759431364,,,,0.06100045966661666,
504,,,,0.15299418793124453,,,,0.058330750237307716,
505,,,,0.12662587897569566,,,,0.032103001537133025,
506,,,,0.038856867263281525,,,,0.0514962277851001,
507,,,,0.09754058975608332,,,,0.02053155326876871,
508,,,,0.12971337549648443,,,,0.025620911779088484,
509,,,,0.42827716152887374,,,,0.0161750497016509,
510,,,,0.09757833042294894,,,,0.06976746870697803,
511,,,,0.007324842092616912,,,,0.0156615691059937,
512,,,,0.021420701774458317,,,,0.041167010040796315,
513,,,,0.2687936830136767,,,,0.00582393751791721,
514,,,,0.3125307534023928,,,,0.02592586032596078,
515,,,,0.09826063301902521,,,,0.00046856336816614164,
516,,,,0.04819499734564836,,,,0.07674600691102107,
517,,,,0.3331914172823467,,,,0.03691157171593262,
518,,,,0.14785570244619572,,,,0.013956273563643706,
519,,,,0.0321080386997572,,,,0.09858309341523896,
520,,,,0.16807366656297207,,,,0.1391082512205768,
521,,,,0.24324386264563636,,,,0.05344801380379949,
522,,,,0.014471981409920176,,,,0.03401271438210485,
523,,,,0.11327171565706606,,,,0.008390121639816284,
524,,,,0.41334825281959514,,,,0.016965595319451465,
525,,,,0.08280141645893413,,,,0.04498495715660278,
526,,,,0.03960184136207168,,,,0.0062443873872166655,
527,,,,0.3735825068672352,,,,0.029380522817204047,
528,,,,0.1171207049209807,,,,0.009763053162986535,
529,,,,0.016605843089112504,,,,0.13893526577775567,
530,,,,0.4539001212696412,,,,0.003998119721774218,
531,,,,0.027364322792015283,,,,0.08396562475009628,
532,,,,0.1801151605438247,,,,0.003584555281558488,
533,,,,0.06736241964757622,,,,0.0013972993722921045,
534,,,,0.40801733375133065,,,,0.06019929118756956,
535,,,,0.17827410504218721,,,,0.008817036114423249,
536,,,,0.19361538003567802,,,,0.12175969894158634,
537,,,,0.2884191980993711,,,,0.025360333837663007,
538,,,,0.16009239719020352,,,,0.04292737623029441,
539,,,,0.12896618477900734,,,,0.0027108909044715745,
540,,,,0.05018159640111841,,,,0.00743695244125403,
541,,,,0.25377753123895863,,,,0.01373958926038088,
542,,,,0.4139492483201035,,,,0.0024523977583640333,
543,,,,0.0738876542007475,,,,0.005529685109344706,
544,,,,0.011330787477009219,,,,0.1404513913656124,
545,,,,0.21039173089936153,,,,0.051259946780209675,
546,,,,0.014007336897047473,,,,0.06735813204177055,
547,,,,0.03659023160569108,,,,0.029839567967583747,
548,,,,0.3048671471197761,,,,0.009120937568017018,
549,,,,0.037827420952834645,,,,0.03612854662027376,
550,,,,0.12436514530082943,,,,0.029362933318832884,
551,,,,0.031621810859840616,,,,0.1557865209114464,
552,,,,0.41470077821376555,,,,0.11991801866738505,
553,,,,0.09372131252200111,,,,0.000897583363835941,
554,,,,0.20612245816063252,,,,0.028841227072619602,
555,,,,0.08609154881617953,,,,0.08318681170813558,
556,,,,0.3015528608343202,,,,0.031610374781708805,
557,,,,0.3152548278641664,,,,0.039175769272322136,
558,,,,0.049111727370383496,,,,0.02739127772581712,
559,,,,0.0776716628750378,,,,0.22708062222998993,
560,,,,0.2864324679143747,,,,0.09961545298163377,
561,,,,0.34240023299390576,,,,0.04667073330928728,
562,,,,0.31907383760445107,,,,0.0021929970279372935,
563,,,,0.14816373780850361,,,,0.032130388938988785,
564,,,,0.08700941256858624,,,,0.07743244696761253,
565,,,,0.10965302106777541,,,,0.13269903904835134,
566,,,,0.175789067153308,,,,0.07957159708693984,
567,,,,0.021878829581251924,,,,0.013744864888502129,
568,,,,0.13032271817211805,,,,0.07420323689891528,
569,,,,0.35246072342620693,,,,0.08307622683143451,
570,,,,0.054868649450489304,,,,0.034445400840645846,
571,,,,0.022945531225669447,,,,0.0235376829617166,
572,,,,0.06949993073976296,,,,0.07558796725610062,
573,,,,0.14094328019724178,,,,0.07095020682444741,
574,,,,0.3104572001835284,,,,0.018572368686650742,
575,,,,0.3186004883764292,,,,0.0452367249921688,
576,,,,0.08467996197625483,,,,0.14249328591768007,
577,,,,0.025460012127749898,,,,0.011410829576646297,
578,,,,0.2901680852132628,,,,0.0009477031207607567,
579,,,,0.05400183846839146,,,,0.0046945749861626584,
580,,,,0.2466769329982037,,,,0.008886557464737876,
581,,,,0.07562215846479026,,,,0.09989093893928847,
582,,,,0.22169752985503888,,,,,
583,,,,0.11689668174716616,,,,,
584,,,,0.04816838617254371,,,,,
585,,,,0.08893674864890488,,,,,
586,,,,0.2835771795718633,,,,,
587,,,,0.21072114072458598,,,,,
588,,,,0.08374985581433536,,,,,
589,,,,0.13359304902020197,,,,,
590,,,,0.23526217253544485,,,,,
591,,,,0.013658753773238552,,,,,
592,,,,0.1009211558713693,,,,,
593,,,,0.05341986321703324,,,,,
594,,,,0.3252458723619399,,,,,
595,,,,0.08954616827948025,,,,,
596,,,,0.1267442386338956,,,,,
597,,,,0.04127660797781352,,,,,
598,,,,0.18644856781703117,,,,,
599,,,,0.17623985951974264,,,,,
600,,,,0.055874565506238816,,,,,
601,,,,0.11924976330173687,,,,,
602,,,,0.14984650352337126,,,,,
603,,,,0.13047168091198702,,,,,
604,,,,0.06786858493585624,,,,,
605,,,,0.04044467717846839,,,,,
606,,,,0.02256713321898901,,,,,
607,,,,0.18312655632032082,,,,,
608,,,,0.17285698711109654,,,,,
609,,,,0.1496044448040469,,,,,
610,,,,0.24096856463327032,,,,,
611,,,,0.04575348322367179,,,,,
612,,,,0.20487214083961047,,,,,
613,,,,0.2552560509098392,,,,,
614,,,,0.01702721977741406,,,,,
615,,,,0.061046500087157174,,,,,
616,,,,0.09543884650586282,,,,,
617,,,,0.11243265253568269,,,,,
618,,,,0.09994014026614184,,,,,
619,,,,0.11883048854910672,,,,,
620,,,,0.05687494549619643,,,,,
621,,,,0.1818657905938984,,,,,
622,,,,0.12381985479460911,,,,,
623,,,,0.04047132344710419,,,,,
624,,,,0.22352645369780555,,,,,
625,,,,0.04359551510020093,,,,,
626,,,,0.126840008394083,,,,,
627,,,,0.0478659849936115,,,,,
628,,,,0.022574457540645798,,,,,
629,,,,0.3335884454461851,,,,,
630,,,,0.3328716277107744,,,,,
631,,,,0.10992952379616816,,,,,
632,,,,0.030683382719917274,,,,,
633,,,,0.22066520537420997,,,,,
634,,,,0.023314378831088056,,,,,
635,,,,0.15348579921266364,,,,,
636,,,,0.11128445172031098,,,,,
637,,,,0.38757415535185125,,,,,
638,,,,0.10606110828783832,,,,,
639,,,,0.09016491003551469,,,,,
640,,,,0.24546987519034297,,,,,
641,,,,0.1806922775204861,,,,,
642,,,,0.0016207476315491798,,,,,
643,,,,0.22121606447101233,,,,,
644,,,,0.10403539082011487,,,,,
645,,,,0.039091660102889,,,,,
646,,,,0.14574023497665234,,,,,
647,,,,0.139362450310488,,,,,
648,,,,0.13328052291071696,,,,,
649,,,,0.27891479157387966,,,,,
650,,,,0.04629251855937011,,,,,
651,,,,0.0005245768654418281,,,,,
652,,,,0.3378428375100089,,,,,
653,,,,0.06299766573922905,,,,,
654,,,,0.1877479611399881,,,,,
655,,,,0.24418295151831332,,,,,
656,,,,0.10929224307708674,,,,,
657,,,,0.38359547420970963,,,,,
658,,,,0.24193447550358516,,,,,
659,,,,0.06827823824052909,,,,,
660,,,,0.3322155676637114,,,,,
661,,,,0.1294136757231285,,,,,
662,,,,0.07782954379754514,,,,,
663,,,,0.2744464596347814,,,,,
664,,,,0.012263066933392852,,,,,
665,,,,0.036325504927390284,,,,,
666,,,,0.05924980871810248,,,,,
667,,,,0.03871399939298992,,,,,
668,,,,0.41442792856385924,,,,,
669,,,,0.2172123553530958,,,,,
670,,,,0.021518434198152414,,,,,
671,,,,0.06700914483133213,,,,,
672,,,,0.2636907664972348,,,,,
673,,,,0.04436220950462799,,,,,
674,,,,0.07013268951019841,,,,,
675,,,,0.4331692465678575,,,,,
676,,,,0.17080152613119848,,,,,
677,,,,0.33374705236005275,,,,,
678,,,,0.037533190822418905,,,,,
679,,,,0.17046506331260863,,,,,
